<?xml version='1.0' encoding='utf-8'?>
<COLLADA xmlns="http://www.collada.org/2005/11/COLLADASchema" version="1.4.1">
  <asset>
    <unit name="meter" meter="1" />
    <up_axis>Y_UP</up_axis>
  </asset>
  <library_effects>
    <effect id="Carousel_Body_Texture-effect">
      <profile_COMMON>
        <technique sid="common">
          <lambert>
            <diffuse>
              <color>1 1 1 1</color>
            </diffuse>
          </lambert>
        </technique>
      </profile_COMMON>
    </effect>
    <effect id="Paint_Red-effect">
      <profile_COMMON>
        <technique sid="common">
          <lambert>
            <diffuse>
              <color>0.55 0.035 0.045 1</color>
            </diffuse>
          </lambert>
        </technique>
      </profile_COMMON>
    </effect>
    <effect id="Paint_Cream-effect">
      <profile_COMMON>
        <technique sid="common">
          <lambert>
            <diffuse>
              <color>0.92 0.78 0.53 1</color>
            </diffuse>
          </lambert>
        </technique>
      </profile_COMMON>
    </effect>
    <effect id="Paint_Dark-effect">
      <profile_COMMON>
        <technique sid="common">
          <lambert>
            <diffuse>
              <color>0.06 0.08 0.11 1</color>
            </diffuse>
          </lambert>
        </technique>
      </profile_COMMON>
    </effect>
    <effect id="Gold-effect">
      <profile_COMMON>
        <technique sid="common">
          <lambert>
            <diffuse>
              <color>0.82 0.55 0.10 1</color>
            </diffuse>
          </lambert>
        </technique>
      </profile_COMMON>
    </effect>
    <effect id="Horse_White-effect">
      <profile_COMMON>
        <technique sid="common">
          <lambert>
            <diffuse>
              <color>0.82 0.82 0.74 1</color>
            </diffuse>
          </lambert>
        </technique>
      </profile_COMMON>
    </effect>
    <effect id="Horse_Tan-effect">
      <profile_COMMON>
        <technique sid="common">
          <lambert>
            <diffuse>
              <color>0.52 0.25 0.10 1</color>
            </diffuse>
          </lambert>
        </technique>
      </profile_COMMON>
    </effect>
    <effect id="Lights-effect">
      <profile_COMMON>
        <technique sid="common">
          <lambert>
            <diffuse>
              <color>1 0.73 0.16 1</color>
            </diffuse>
          </lambert>
        </technique>
      </profile_COMMON>
    </effect>
  </library_effects>
  <library_materials>
    <material id="Carousel_Body_Texture-material" name="Carousel_Body_Texture">
      <instance_effect url="#Carousel_Body_Texture-effect" />
    </material>
    <material id="Paint_Red-material" name="Paint_Red">
      <instance_effect url="#Paint_Red-effect" />
    </material>
    <material id="Paint_Cream-material" name="Paint_Cream">
      <instance_effect url="#Paint_Cream-effect" />
    </material>
    <material id="Paint_Dark-material" name="Paint_Dark">
      <instance_effect url="#Paint_Dark-effect" />
    </material>
    <material id="Gold-material" name="Gold">
      <instance_effect url="#Gold-effect" />
    </material>
    <material id="Horse_White-material" name="Horse_White">
      <instance_effect url="#Horse_White-effect" />
    </material>
    <material id="Horse_Tan-material" name="Horse_Tan">
      <instance_effect url="#Horse_Tan-effect" />
    </material>
    <material id="Lights-material" name="Lights">
      <instance_effect url="#Lights-effect" />
    </material>
  </library_materials>
  <library_geometries>
    <geometry id="Carousel_Body-mesh" name="Carousel_Body">
      <mesh>
        <source id="Carousel_Body-positions">
          <float_array id="Carousel_Body-positions-array" count="732">3.450000 -3.112500 -0.000000 3.187384 -3.112500 -1.320258 2.439518 -3.112500 -2.439518 1.320258 -3.112500 -3.187384 0.000000 -3.112500 -3.450000 -1.320258 -3.112500 -3.187384 -2.439518 -3.112500 -2.439518 -3.187384 -3.112500 -1.320258 -3.450000 -3.112500 -0.000000 -3.187384 -3.112500 1.320258 -2.439518 -3.112500 2.439518 -1.320258 -3.112500 3.187384 -0.000000 -3.112500 3.450000 1.320258 -3.112500 3.187384 2.439518 -3.112500 2.439518 3.187384 -3.112500 1.320258 3.450000 -2.832500 -0.000000 3.187384 -2.832500 -1.320258 2.439518 -2.832500 -2.439518 1.320258 -2.832500 -3.187384 0.000000 -2.832500 -3.450000 -1.320258 -2.832500 -3.187384 -2.439518 -2.832500 -2.439518 -3.187384 -2.832500 -1.320258 -3.450000 -2.832500 -0.000000 -3.187384 -2.832500 1.320258 -2.439518 -2.832500 2.439518 -1.320258 -2.832500 3.187384 -0.000000 -2.832500 3.450000 1.320258 -2.832500 3.187384 2.439518 -2.832500 2.439518 3.187384 -2.832500 1.320258 0.000000 -3.112500 -0.000000 0.000000 -2.832500 -0.000000 3.250000 -2.832500 -0.000000 3.002608 -2.832500 -1.243721 2.298097 -2.832500 -2.298097 1.243721 -2.832500 -3.002608 0.000000 -2.832500 -3.250000 -1.243721 -2.832500 -3.002608 -2.298097 -2.832500 -2.298097 -3.002608 -2.832500 -1.243721 -3.250000 -2.832500 -0.000000 -3.002608 -2.832500 1.243721 -2.298097 -2.832500 2.298097 -1.243721 -2.832500 3.002608 -0.000000 -2.832500 3.250000 1.243721 -2.832500 3.002608 2.298097 -2.832500 2.298097 3.002608 -2.832500 1.243721 3.250000 -2.512500 -0.000000 3.002608 -2.512500 -1.243721 2.298097 -2.512500 -2.298097 1.243721 -2.512500 -3.002608 0.000000 -2.512500 -3.250000 -1.243721 -2.512500 -3.002608 -2.298097 -2.512500 -2.298097 -3.002608 -2.512500 -1.243721 -3.250000 -2.512500 -0.000000 -3.002608 -2.512500 1.243721 -2.298097 -2.512500 2.298097 -1.243721 -2.512500 3.002608 -0.000000 -2.512500 3.250000 1.243721 -2.512500 3.002608 2.298097 -2.512500 2.298097 3.002608 -2.512500 1.243721 0.000000 -2.832500 -0.000000 0.000000 -2.512500 -0.000000 3.380000 -2.602500 -0.000000 3.122713 -2.602500 -1.293470 2.390021 -2.602500 -2.390021 1.293470 -2.602500 -3.122713 0.000000 -2.602500 -3.380000 -1.293470 -2.602500 -3.122713 -2.390021 -2.602500 -2.390021 -3.122713 -2.602500 -1.293470 -3.380000 -2.602500 -0.000000 -3.122713 -2.602500 1.293470 -2.390021 -2.602500 2.390021 -1.293470 -2.602500 3.122713 -0.000000 -2.602500 3.380000 1.293470 -2.602500 3.122713 2.390021 -2.602500 2.390021 3.122713 -2.602500 1.293470 3.380000 -2.482500 -0.000000 3.122713 -2.482500 -1.293470 2.390021 -2.482500 -2.390021 1.293470 -2.482500 -3.122713 0.000000 -2.482500 -3.380000 -1.293470 -2.482500 -3.122713 -2.390021 -2.482500 -2.390021 -3.122713 -2.482500 -1.293470 -3.380000 -2.482500 -0.000000 -3.122713 -2.482500 1.293470 -2.390021 -2.482500 2.390021 -1.293470 -2.482500 3.122713 -0.000000 -2.482500 3.380000 1.293470 -2.482500 3.122713 2.390021 -2.482500 2.390021 3.122713 -2.482500 1.293470 0.000000 -2.602500 -0.000000 0.000000 -2.482500 -0.000000 0.380000 -2.637500 -0.000000 0.329090 -2.637500 -0.190000 0.190000 -2.637500 -0.329090 0.000000 -2.637500 -0.380000 -0.190000 -2.637500 -0.329090 -0.329090 -2.637500 -0.190000 -0.380000 -2.637500 -0.000000 -0.329090 -2.637500 0.190000 -0.190000 -2.637500 0.329090 -0.000000 -2.637500 0.380000 0.190000 -2.637500 0.329090 0.329090 -2.637500 0.190000 0.380000 1.512500 -0.000000 0.329090 1.512500 -0.190000 0.190000 1.512500 -0.329090 0.000000 1.512500 -0.380000 -0.190000 1.512500 -0.329090 -0.329090 1.512500 -0.190000 -0.380000 1.512500 -0.000000 -0.329090 1.512500 0.190000 -0.190000 1.512500 0.329090 -0.000000 1.512500 0.380000 0.190000 1.512500 0.329090 0.329090 1.512500 0.190000 0.000000 -2.637500 -0.000000 0.000000 1.512500 -0.000000 0.450000 -1.252500 -0.000000 0.389711 -1.252500 -0.225000 0.225000 -1.252500 -0.389711 0.000000 -1.252500 -0.450000 -0.225000 -1.252500 -0.389711 -0.389711 -1.252500 -0.225000 -0.450000 -1.252500 -0.000000 -0.389711 -1.252500 0.225000 -0.225000 -1.252500 0.389711 -0.000000 -1.252500 0.450000 0.225000 -1.252500 0.389711 0.389711 -1.252500 0.225000 0.450000 -0.972500 -0.000000 0.389711 -0.972500 -0.225000 0.225000 -0.972500 -0.389711 0.000000 -0.972500 -0.450000 -0.225000 -0.972500 -0.389711 -0.389711 -0.972500 -0.225000 -0.450000 -0.972500 -0.000000 -0.389711 -0.972500 0.225000 -0.225000 -0.972500 0.389711 -0.000000 -0.972500 0.450000 0.225000 -0.972500 0.389711 0.389711 -0.972500 0.225000 0.000000 -1.252500 -0.000000 0.000000 -0.972500 -0.000000 3.380000 1.227500 -0.000000 3.122713 1.227500 -1.293470 2.390021 1.227500 -2.390021 1.293470 1.227500 -3.122713 0.000000 1.227500 -3.380000 -1.293470 1.227500 -3.122713 -2.390021 1.227500 -2.390021 -3.122713 1.227500 -1.293470 -3.380000 1.227500 -0.000000 -3.122713 1.227500 1.293470 -2.390021 1.227500 2.390021 -1.293470 1.227500 3.122713 -0.000000 1.227500 3.380000 1.293470 1.227500 3.122713 2.390021 1.227500 2.390021 3.122713 1.227500 1.293470 3.050000 1.647500 -0.000000 2.817833 1.647500 -1.167184 2.156676 1.647500 -2.156676 1.167184 1.647500 -2.817833 0.000000 1.647500 -3.050000 -1.167184 1.647500 -2.817833 -2.156676 1.647500 -2.156676 -2.817833 1.647500 -1.167184 -3.050000 1.647500 -0.000000 -2.817833 1.647500 1.167184 -2.156676 1.647500 2.156676 -1.167184 1.647500 2.817833 -0.000000 1.647500 3.050000 1.167184 1.647500 2.817833 2.156676 1.647500 2.156676 2.817833 1.647500 1.167184 0.000000 1.227500 -0.000000 0.000000 1.647500 -0.000000 3.080000 1.512500 -0.000000 2.845549 1.512500 -1.178665 2.177889 1.512500 -2.177889 1.178665 1.512500 -2.845549 0.000000 1.512500 -3.080000 -1.178665 1.512500 -2.845549 -2.177889 1.512500 -2.177889 -2.845549 1.512500 -1.178665 -3.080000 1.512500 -0.000000 -2.845549 1.512500 1.178665 -2.177889 1.512500 2.177889 -1.178665 1.512500 2.845549 -0.000000 1.512500 3.080000 1.178665 1.512500 2.845549 2.177889 1.512500 2.177889 2.845549 1.512500 1.178665 0.340000 2.562500 -0.000000 0.314119 2.562500 -0.130112 0.240416 2.562500 -0.240416 0.130112 2.562500 -0.314119 0.000000 2.562500 -0.340000 -0.130112 2.562500 -0.314119 -0.240416 2.562500 -0.240416 -0.314119 2.562500 -0.130112 -0.340000 2.562500 -0.000000 -0.314119 2.562500 0.130112 -0.240416 2.562500 0.240416 -0.130112 2.562500 0.314119 -0.000000 2.562500 0.340000 0.130112 2.562500 0.314119 0.240416 2.562500 0.240416 0.314119 2.562500 0.130112 0.000000 1.512500 -0.000000 0.000000 2.562500 -0.000000 0.150000 2.462500 -0.000000 0.121353 2.462500 -0.088168 0.046353 2.462500 -0.142658 -0.046353 2.462500 -0.142658 -0.121353 2.462500 -0.088168 -0.150000 2.462500 -0.000000 -0.121353 2.462500 0.088168 -0.046353 2.462500 0.142658 0.046353 2.462500 0.142658 0.121353 2.462500 0.088168 0.020000 3.112500 -0.000000 0.016180 3.112500 -0.011756 0.006180 3.112500 -0.019021 -0.006180 3.112500 -0.019021 -0.016180 3.112500 -0.011756 -0.020000 3.112500 -0.000000 -0.016180 3.112500 0.011756 -0.006180 3.112500 0.019021 0.006180 3.112500 0.019021 0.016180 3.112500 0.011756 0.000000 2.462500 -0.000000 0.000000 3.112500 -0.000000</float_array>
          <technique_common>
            <accessor source="#Carousel_Body-positions-array" count="244" stride="3">
              <param name="X" type="float" />
              <param name="Y" type="float" />
              <param name="Z" type="float" />
            </accessor>
          </technique_common>
        </source>
        <vertices id="Carousel_Body-vertices">
          <input semantic="POSITION" source="#Carousel_Body-positions" />
        </vertices>
        <triangles material="Carousel_Body_Texture" count="456">
          <input semantic="VERTEX" source="#Carousel_Body-vertices" offset="0" />
          <input semantic="TEXCOORD" source="#Carousel_Body-uv" offset="1" set="0" />
          <p>0 0 1 1 17 17 0 0 17 17 16 16 32 32 1 1 0 0 33 33 16 16 17 17 1 1 2 2 18 18 1 1 18 18 17 17 32 32 2 2 1 1 33 33 17 17 18 18 2 2 3 3 19 19 2 2 19 19 18 18 32 32 3 3 2 2 33 33 18 18 19 19 3 3 4 4 20 20 3 3 20 20 19 19 32 32 4 4 3 3 33 33 19 19 20 20 4 4 5 5 21 21 4 4 21 21 20 20 32 32 5 5 4 4 33 33 20 20 21 21 5 5 6 6 22 22 5 5 22 22 21 21 32 32 6 6 5 5 33 33 21 21 22 22 6 6 7 7 23 23 6 6 23 23 22 22 32 32 7 7 6 6 33 33 22 22 23 23 7 7 8 8 24 24 7 7 24 24 23 23 32 32 8 8 7 7 33 33 23 23 24 24 8 8 9 9 25 25 8 8 25 25 24 24 32 32 9 9 8 8 33 33 24 24 25 25 9 9 10 10 26 26 9 9 26 26 25 25 32 32 10 10 9 9 33 33 25 25 26 26 10 10 11 11 27 27 10 10 27 27 26 26 32 32 11 11 10 10 33 33 26 26 27 27 11 11 12 12 28 28 11 11 28 28 27 27 32 32 12 12 11 11 33 33 27 27 28 28 12 12 13 13 29 29 12 12 29 29 28 28 32 32 13 13 12 12 33 33 28 28 29 29 13 13 14 14 30 30 13 13 30 30 29 29 32 32 14 14 13 13 33 33 29 29 30 30 14 14 15 15 31 31 14 14 31 31 30 30 32 32 15 15 14 14 33 33 30 30 31 31 15 15 0 0 16 16 15 15 16 16 31 31 32 32 0 0 15 15 33 33 31 31 16 16 34 34 35 35 51 51 34 34 51 51 50 50 66 66 35 35 34 34 67 67 50 50 51 51 35 35 36 36 52 52 35 35 52 52 51 51 66 66 36 36 35 35 67 67 51 51 52 52 36 36 37 37 53 53 36 36 53 53 52 52 66 66 37 37 36 36 67 67 52 52 53 53 37 37 38 38 54 54 37 37 54 54 53 53 66 66 38 38 37 37 67 67 53 53 54 54 38 38 39 39 55 55 38 38 55 55 54 54 66 66 39 39 38 38 67 67 54 54 55 55 39 39 40 40 56 56 39 39 56 56 55 55 66 66 40 40 39 39 67 67 55 55 56 56 40 40 41 41 57 57 40 40 57 57 56 56 66 66 41 41 40 40 67 67 56 56 57 57 41 41 42 42 58 58 41 41 58 58 57 57 66 66 42 42 41 41 67 67 57 57 58 58 42 42 43 43 59 59 42 42 59 59 58 58 66 66 43 43 42 42 67 67 58 58 59 59 43 43 44 44 60 60 43 43 60 60 59 59 66 66 44 44 43 43 67 67 59 59 60 60 44 44 45 45 61 61 44 44 61 61 60 60 66 66 45 45 44 44 67 67 60 60 61 61 45 45 46 46 62 62 45 45 62 62 61 61 66 66 46 46 45 45 67 67 61 61 62 62 46 46 47 47 63 63 46 46 63 63 62 62 66 66 47 47 46 46 67 67 62 62 63 63 47 47 48 48 64 64 47 47 64 64 63 63 66 66 48 48 47 47 67 67 63 63 64 64 48 48 49 49 65 65 48 48 65 65 64 64 66 66 49 49 48 48 67 67 64 64 65 65 49 49 34 34 50 50 49 49 50 50 65 65 66 66 34 34 49 49 67 67 65 65 50 50 68 68 69 69 85 85 68 68 85 85 84 84 100 100 69 69 68 68 101 101 84 84 85 85 69 69 70 70 86 86 69 69 86 86 85 85 100 100 70 70 69 69 101 101 85 85 86 86 70 70 71 71 87 87 70 70 87 87 86 86 100 100 71 71 70 70 101 101 86 86 87 87 71 71 72 72 88 88 71 71 88 88 87 87 100 100 72 72 71 71 101 101 87 87 88 88 72 72 73 73 89 89 72 72 89 89 88 88 100 100 73 73 72 72 101 101 88 88 89 89 73 73 74 74 90 90 73 73 90 90 89 89 100 100 74 74 73 73 101 101 89 89 90 90 74 74 75 75 91 91 74 74 91 91 90 90 100 100 75 75 74 74 101 101 90 90 91 91 75 75 76 76 92 92 75 75 92 92 91 91 100 100 76 76 75 75 101 101 91 91 92 92 76 76 77 77 93 93 76 76 93 93 92 92 100 100 77 77 76 76 101 101 92 92 93 93 77 77 78 78 94 94 77 77 94 94 93 93 100 100 78 78 77 77 101 101 93 93 94 94 78 78 79 79 95 95 78 78 95 95 94 94 100 100 79 79 78 78 101 101 94 94 95 95 79 79 80 80 96 96 79 79 96 96 95 95 100 100 80 80 79 79 101 101 95 95 96 96 80 80 81 81 97 97 80 80 97 97 96 96 100 100 81 81 80 80 101 101 96 96 97 97 81 81 82 82 98 98 81 81 98 98 97 97 100 100 82 82 81 81 101 101 97 97 98 98 82 82 83 83 99 99 82 82 99 99 98 98 100 100 83 83 82 82 101 101 98 98 99 99 83 83 68 68 84 84 83 83 84 84 99 99 100 100 68 68 83 83 101 101 99 99 84 84 102 102 103 103 115 115 102 102 115 115 114 114 126 126 103 103 102 102 127 127 114 114 115 115 103 103 104 104 116 116 103 103 116 116 115 115 126 126 104 104 103 103 127 127 115 115 116 116 104 104 105 105 117 117 104 104 117 117 116 116 126 126 105 105 104 104 127 127 116 116 117 117 105 105 106 106 118 118 105 105 118 118 117 117 126 126 106 106 105 105 127 127 117 117 118 118 106 106 107 107 119 119 106 106 119 119 118 118 126 126 107 107 106 106 127 127 118 118 119 119 107 107 108 108 120 120 107 107 120 120 119 119 126 126 108 108 107 107 127 127 119 119 120 120 108 108 109 109 121 121 108 108 121 121 120 120 126 126 109 109 108 108 127 127 120 120 121 121 109 109 110 110 122 122 109 109 122 122 121 121 126 126 110 110 109 109 127 127 121 121 122 122 110 110 111 111 123 123 110 110 123 123 122 122 126 126 111 111 110 110 127 127 122 122 123 123 111 111 112 112 124 124 111 111 124 124 123 123 126 126 112 112 111 111 127 127 123 123 124 124 112 112 113 113 125 125 112 112 125 125 124 124 126 126 113 113 112 112 127 127 124 124 125 125 113 113 102 102 114 114 113 113 114 114 125 125 126 126 102 102 113 113 127 127 125 125 114 114 128 128 129 129 141 141 128 128 141 141 140 140 152 152 129 129 128 128 153 153 140 140 141 141 129 129 130 130 142 142 129 129 142 142 141 141 152 152 130 130 129 129 153 153 141 141 142 142 130 130 131 131 143 143 130 130 143 143 142 142 152 152 131 131 130 130 153 153 142 142 143 143 131 131 132 132 144 144 131 131 144 144 143 143 152 152 132 132 131 131 153 153 143 143 144 144 132 132 133 133 145 145 132 132 145 145 144 144 152 152 133 133 132 132 153 153 144 144 145 145 133 133 134 134 146 146 133 133 146 146 145 145 152 152 134 134 133 133 153 153 145 145 146 146 134 134 135 135 147 147 134 134 147 147 146 146 152 152 135 135 134 134 153 153 146 146 147 147 135 135 136 136 148 148 135 135 148 148 147 147 152 152 136 136 135 135 153 153 147 147 148 148 136 136 137 137 149 149 136 136 149 149 148 148 152 152 137 137 136 136 153 153 148 148 149 149 137 137 138 138 150 150 137 137 150 150 149 149 152 152 138 138 137 137 153 153 149 149 150 150 138 138 139 139 151 151 138 138 151 151 150 150 152 152 139 139 138 138 153 153 150 150 151 151 139 139 128 128 140 140 139 139 140 140 151 151 152 152 128 128 139 139 153 153 151 151 140 140 154 154 155 155 171 171 154 154 171 171 170 170 186 186 155 155 154 154 187 187 170 170 171 171 155 155 156 156 172 172 155 155 172 172 171 171 186 186 156 156 155 155 187 187 171 171 172 172 156 156 157 157 173 173 156 156 173 173 172 172 186 186 157 157 156 156 187 187 172 172 173 173 157 157 158 158 174 174 157 157 174 174 173 173 186 186 158 158 157 157 187 187 173 173 174 174 158 158 159 159 175 175 158 158 175 175 174 174 186 186 159 159 158 158 187 187 174 174 175 175 159 159 160 160 176 176 159 159 176 176 175 175 186 186 160 160 159 159 187 187 175 175 176 176 160 160 161 161 177 177 160 160 177 177 176 176 186 186 161 161 160 160 187 187 176 176 177 177 161 161 162 162 178 178 161 161 178 178 177 177 186 186 162 162 161 161 187 187 177 177 178 178 162 162 163 163 179 179 162 162 179 179 178 178 186 186 163 163 162 162 187 187 178 178 179 179 163 163 164 164 180 180 163 163 180 180 179 179 186 186 164 164 163 163 187 187 179 179 180 180 164 164 165 165 181 181 164 164 181 181 180 180 186 186 165 165 164 164 187 187 180 180 181 181 165 165 166 166 182 182 165 165 182 182 181 181 186 186 166 166 165 165 187 187 181 181 182 182 166 166 167 167 183 183 166 166 183 183 182 182 186 186 167 167 166 166 187 187 182 182 183 183 167 167 168 168 184 184 167 167 184 184 183 183 186 186 168 168 167 167 187 187 183 183 184 184 168 168 169 169 185 185 168 168 185 185 184 184 186 186 169 169 168 168 187 187 184 184 185 185 169 169 154 154 170 170 169 169 170 170 185 185 186 186 154 154 169 169 187 187 185 185 170 170 188 188 189 189 205 205 188 188 205 205 204 204 220 220 189 189 188 188 221 221 204 204 205 205 189 189 190 190 206 206 189 189 206 206 205 205 220 220 190 190 189 189 221 221 205 205 206 206 190 190 191 191 207 207 190 190 207 207 206 206 220 220 191 191 190 190 221 221 206 206 207 207 191 191 192 192 208 208 191 191 208 208 207 207 220 220 192 192 191 191 221 221 207 207 208 208 192 192 193 193 209 209 192 192 209 209 208 208 220 220 193 193 192 192 221 221 208 208 209 209 193 193 194 194 210 210 193 193 210 210 209 209 220 220 194 194 193 193 221 221 209 209 210 210 194 194 195 195 211 211 194 194 211 211 210 210 220 220 195 195 194 194 221 221 210 210 211 211 195 195 196 196 212 212 195 195 212 212 211 211 220 220 196 196 195 195 221 221 211 211 212 212 196 196 197 197 213 213 196 196 213 213 212 212 220 220 197 197 196 196 221 221 212 212 213 213 197 197 198 198 214 214 197 197 214 214 213 213 220 220 198 198 197 197 221 221 213 213 214 214 198 198 199 199 215 215 198 198 215 215 214 214 220 220 199 199 198 198 221 221 214 214 215 215 199 199 200 200 216 216 199 199 216 216 215 215 220 220 200 200 199 199 221 221 215 215 216 216 200 200 201 201 217 217 200 200 217 217 216 216 220 220 201 201 200 200 221 221 216 216 217 217 201 201 202 202 218 218 201 201 218 218 217 217 220 220 202 202 201 201 221 221 217 217 218 218 202 202 203 203 219 219 202 202 219 219 218 218 220 220 203 203 202 202 221 221 218 218 219 219 203 203 188 188 204 204 203 203 204 204 219 219 220 220 188 188 203 203 221 221 219 219 204 204 222 222 223 223 233 233 222 222 233 233 232 232 242 242 223 223 222 222 243 243 232 232 233 233 223 223 224 224 234 234 223 223 234 234 233 233 242 242 224 224 223 223 243 243 233 233 234 234 224 224 225 225 235 235 224 224 235 235 234 234 242 242 225 225 224 224 243 243 234 234 235 235 225 225 226 226 236 236 225 225 236 236 235 235 242 242 226 226 225 225 243 243 235 235 236 236 226 226 227 227 237 237 226 226 237 237 236 236 242 242 227 227 226 226 243 243 236 236 237 237 227 227 228 228 238 238 227 227 238 238 237 237 242 242 228 228 227 227 243 243 237 237 238 238 228 228 229 229 239 239 228 228 239 239 238 238 242 242 229 229 228 228 243 243 238 238 239 239 229 229 230 230 240 240 229 229 240 240 239 239 242 242 230 230 229 229 243 243 239 239 240 240 230 230 231 231 241 241 230 230 241 241 240 240 242 242 231 231 230 230 243 243 240 240 241 241 231 231 222 222 232 232 231 231 232 232 241 241 242 242 222 222 231 231 243 243 241 241 232 232</p>
        </triangles>
        <source id="Carousel_Body-uv">
          <float_array id="Carousel_Body-uv-array" count="488">0.000000 0.000000 0.062500 0.000000 0.125000 0.000000 0.187500 0.000000 0.250000 0.000000 0.312500 0.000000 0.375000 0.000000 0.437500 0.000000 0.500000 0.000000 0.562500 0.000000 0.625000 0.000000 0.687500 0.000000 0.750000 0.000000 0.812500 0.000000 0.875000 0.000000 0.937500 0.000000 0.000000 0.044980 0.062500 0.044980 0.125000 0.044980 0.187500 0.044980 0.250000 0.044980 0.312500 0.044980 0.375000 0.044980 0.437500 0.044980 0.500000 0.044980 0.562500 0.044980 0.625000 0.044980 0.687500 0.044980 0.750000 0.044980 0.812500 0.044980 0.875000 0.044980 0.937500 0.044980 0.000000 0.000000 0.000000 0.044980 0.000000 0.044980 0.062500 0.044980 0.125000 0.044980 0.187500 0.044980 0.250000 0.044980 0.312500 0.044980 0.375000 0.044980 0.437500 0.044980 0.500000 0.044980 0.562500 0.044980 0.625000 0.044980 0.687500 0.044980 0.750000 0.044980 0.812500 0.044980 0.875000 0.044980 0.937500 0.044980 0.000000 0.096386 0.062500 0.096386 0.125000 0.096386 0.187500 0.096386 0.250000 0.096386 0.312500 0.096386 0.375000 0.096386 0.437500 0.096386 0.500000 0.096386 0.562500 0.096386 0.625000 0.096386 0.687500 0.096386 0.750000 0.096386 0.812500 0.096386 0.875000 0.096386 0.937500 0.096386 0.000000 0.044980 0.000000 0.096386 0.000000 0.081928 0.062500 0.081928 0.125000 0.081928 0.187500 0.081928 0.250000 0.081928 0.312500 0.081928 0.375000 0.081928 0.437500 0.081928 0.500000 0.081928 0.562500 0.081928 0.625000 0.081928 0.687500 0.081928 0.750000 0.081928 0.812500 0.081928 0.875000 0.081928 0.937500 0.081928 0.000000 0.101205 0.062500 0.101205 0.125000 0.101205 0.187500 0.101205 0.250000 0.101205 0.312500 0.101205 0.375000 0.101205 0.437500 0.101205 0.500000 0.101205 0.562500 0.101205 0.625000 0.101205 0.687500 0.101205 0.750000 0.101205 0.812500 0.101205 0.875000 0.101205 0.937500 0.101205 0.000000 0.081928 0.000000 0.101205 0.000000 0.076305 0.083333 0.076305 0.166667 0.076305 0.250000 0.076305 0.333333 0.076305 0.416667 0.076305 0.500000 0.076305 0.583333 0.076305 0.666667 0.076305 0.750000 0.076305 0.833333 0.076305 0.916667 0.076305 0.000000 0.742972 0.083333 0.742972 0.166667 0.742972 0.250000 0.742972 0.333333 0.742972 0.416667 0.742972 0.500000 0.742972 0.583333 0.742972 0.666667 0.742972 0.750000 0.742972 0.833333 0.742972 0.916667 0.742972 0.000000 0.076305 0.000000 0.742972 0.000000 0.298795 0.083333 0.298795 0.166667 0.298795 0.250000 0.298795 0.333333 0.298795 0.416667 0.298795 0.500000 0.298795 0.583333 0.298795 0.666667 0.298795 0.750000 0.298795 0.833333 0.298795 0.916667 0.298795 0.000000 0.343775 0.083333 0.343775 0.166667 0.343775 0.250000 0.343775 0.333333 0.343775 0.416667 0.343775 0.500000 0.343775 0.583333 0.343775 0.666667 0.343775 0.750000 0.343775 0.833333 0.343775 0.916667 0.343775 0.000000 0.298795 0.000000 0.343775 0.000000 0.697189 0.062500 0.697189 0.125000 0.697189 0.187500 0.697189 0.250000 0.697189 0.312500 0.697189 0.375000 0.697189 0.437500 0.697189 0.500000 0.697189 0.562500 0.697189 0.625000 0.697189 0.687500 0.697189 0.750000 0.697189 0.812500 0.697189 0.875000 0.697189 0.937500 0.697189 0.000000 0.764659 0.062500 0.764659 0.125000 0.764659 0.187500 0.764659 0.250000 0.764659 0.312500 0.764659 0.375000 0.764659 0.437500 0.764659 0.500000 0.764659 0.562500 0.764659 0.625000 0.764659 0.687500 0.764659 0.750000 0.764659 0.812500 0.764659 0.875000 0.764659 0.937500 0.764659 0.000000 0.697189 0.000000 0.764659 0.000000 0.742972 0.062500 0.742972 0.125000 0.742972 0.187500 0.742972 0.250000 0.742972 0.312500 0.742972 0.375000 0.742972 0.437500 0.742972 0.500000 0.742972 0.562500 0.742972 0.625000 0.742972 0.687500 0.742972 0.750000 0.742972 0.812500 0.742972 0.875000 0.742972 0.937500 0.742972 0.000000 0.911647 0.062500 0.911647 0.125000 0.911647 0.187500 0.911647 0.250000 0.911647 0.312500 0.911647 0.375000 0.911647 0.437500 0.911647 0.500000 0.911647 0.562500 0.911647 0.625000 0.911647 0.687500 0.911647 0.750000 0.911647 0.812500 0.911647 0.875000 0.911647 0.937500 0.911647 0.000000 0.742972 0.000000 0.911647 0.000000 0.895582 0.100000 0.895582 0.200000 0.895582 0.300000 0.895582 0.400000 0.895582 0.500000 0.895582 0.600000 0.895582 0.700000 0.895582 0.800000 0.895582 0.900000 0.895582 0.000000 1.000000 0.100000 1.000000 0.200000 1.000000 0.300000 1.000000 0.400000 1.000000 0.500000 1.000000 0.600000 1.000000 0.700000 1.000000 0.800000 1.000000 0.900000 1.000000 0.000000 0.895582 0.000000 1.000000</float_array>
          <technique_common>
            <accessor source="#Carousel_Body-uv-array" count="244" stride="2">
              <param name="S" type="float" />
              <param name="T" type="float" />
            </accessor>
          </technique_common>
        </source>
      </mesh>
    </geometry>
    <geometry id="Horse_01-mesh" name="Horse_01">
      <mesh>
        <source id="Horse_01-positions">
          <float_array id="Horse_01-positions-array" count="456">0.000000 0.174420 0.145388 0.000000 0.074836 -0.293018 -0.125000 0.074836 -0.164612 -0.176777 0.074836 0.145388 -0.125000 0.074836 0.455388 0.000000 0.074836 0.583794 0.125000 0.074836 0.455388 0.176777 0.074836 0.145388 0.125000 0.074836 -0.164612 0.000000 -0.165580 -0.474612 -0.176777 -0.165580 -0.293018 -0.250000 -0.165580 0.145388 -0.176777 -0.165580 0.583794 0.000000 -0.165580 0.765388 0.176777 -0.165580 0.583794 0.250000 -0.165580 0.145388 0.176777 -0.165580 -0.293018 0.000000 -0.405997 -0.293018 -0.125000 -0.405997 -0.164612 -0.176777 -0.405997 0.145388 -0.125000 -0.405997 0.455388 0.000000 -0.405997 0.583794 0.125000 -0.405997 0.455388 0.176777 -0.405997 0.145388 0.125000 -0.405997 -0.164612 0.000000 -0.505580 0.145388 0.190000 -0.005580 -0.204612 0.118463 -0.080997 -0.332592 -0.042279 -0.099623 -0.364200 -0.171184 -0.047434 -0.275636 -0.171184 0.036273 -0.133589 -0.042279 0.088463 -0.045024 0.118463 0.069836 -0.076632 0.190000 0.554420 -0.534612 0.118463 0.479003 -0.662592 -0.042279 0.460377 -0.694200 -0.171184 0.512566 -0.605636 -0.171184 0.596273 -0.463589 -0.042279 0.648463 -0.375024 0.118463 0.629836 -0.406632 0.000000 0.854420 -0.674612 0.000000 0.734420 -0.969061 -0.135417 0.734420 -0.858198 -0.168862 0.734420 -0.609091 -0.075151 0.734420 -0.409323 0.075151 0.734420 -0.409323 0.168862 0.734420 -0.609091 0.135417 0.734420 -0.858198 0.000000 0.494420 -0.969061 -0.135417 0.494420 -0.858198 -0.168862 0.494420 -0.609091 -0.075151 0.494420 -0.409323 0.075151 0.494420 -0.409323 0.168862 0.494420 -0.609091 0.135417 0.494420 -0.858198 0.000000 0.374420 -0.674612 0.000000 0.674420 -0.934612 0.000000 0.604420 -1.133798 -0.108334 0.604420 -1.058803 -0.135090 0.604420 -0.890289 -0.060121 0.604420 -0.755152 0.060121 0.604420 -0.755152 0.135090 0.604420 -0.890289 0.108334 0.604420 -1.058803 0.000000 0.464420 -1.133798 -0.108334 0.464420 -1.058803 -0.135090 0.464420 -0.890289 -0.060121 0.464420 -0.755152 0.060121 0.464420 -0.755152 0.135090 0.464420 -0.890289 0.108334 0.464420 -1.058803 0.000000 0.394420 -0.934612 0.140000 -0.334002 0.421287 0.204952 -0.339791 0.458337 0.204952 -0.351370 0.532438 0.140000 -0.357159 0.569489 0.075048 -0.351370 0.532438 0.075048 -0.339791 0.458337 0.140000 -0.974002 0.321287 0.204952 -0.979791 0.358337 0.204952 -0.991370 0.432438 0.140000 -0.997159 0.469489 0.075048 -0.991370 0.432438 0.075048 -0.979791 0.358337 0.140000 -0.334002 -0.268713 0.204952 -0.339791 -0.231663 0.204952 -0.351370 -0.157562 0.140000 -0.357159 -0.120511 0.075048 -0.351370 -0.157562 0.075048 -0.339791 -0.231663 0.140000 -0.974002 -0.368713 0.204952 -0.979791 -0.331663 0.204952 -0.991370 -0.257562 0.140000 -0.997159 -0.220511 0.075048 -0.991370 -0.257562 0.075048 -0.979791 -0.331663 -0.140000 -0.334002 0.421287 -0.075048 -0.339791 0.458337 -0.075048 -0.351370 0.532438 -0.140000 -0.357159 0.569489 -0.204952 -0.351370 0.532438 -0.204952 -0.339791 0.458337 -0.140000 -0.974002 0.321287 -0.075048 -0.979791 0.358337 -0.075048 -0.991370 0.432438 -0.140000 -0.997159 0.469489 -0.204952 -0.991370 0.432438 -0.204952 -0.979791 0.358337 -0.140000 -0.334002 -0.268713 -0.075048 -0.339791 -0.231663 -0.075048 -0.351370 -0.157562 -0.140000 -0.357159 -0.120511 -0.204952 -0.351370 -0.157562 -0.204952 -0.339791 -0.231663 -0.140000 -0.974002 -0.368713 -0.075048 -0.979791 -0.331663 -0.075048 -0.991370 -0.257562 -0.140000 -0.997159 -0.220511 -0.204952 -0.991370 -0.257562 -0.204952 -0.979791 -0.331663 -0.075000 -0.115580 0.645388 -0.037500 -0.167958 0.606978 0.037500 -0.167958 0.606978 0.075000 -0.115580 0.645388 0.037500 -0.063203 0.683798 -0.037500 -0.063203 0.683798 -0.075000 -0.445580 1.095388 -0.037500 -0.497958 1.056978 0.037500 -0.497958 1.056978 0.075000 -0.445580 1.095388 0.037500 -0.393203 1.133798 -0.037500 -0.393203 1.133798 0.100000 0.787159 -0.531108 0.152308 0.778356 -0.568078 0.132328 0.764113 -0.627898 0.067672 0.764113 -0.627898 0.047692 0.778356 -0.568078 0.100000 0.997159 -0.581108 0.152308 0.988356 -0.618078 0.132328 0.974113 -0.677898 0.067672 0.974113 -0.677898 0.047692 0.988356 -0.618078 -0.100000 0.787159 -0.531108 -0.047692 0.778356 -0.568078 -0.067672 0.764113 -0.627898 -0.132328 0.764113 -0.627898 -0.152308 0.778356 -0.568078 -0.100000 0.997159 -0.581108 -0.047692 0.988356 -0.618078 -0.067672 0.974113 -0.677898 -0.132328 0.974113 -0.677898 -0.152308 0.988356 -0.618078</float_array>
          <technique_common>
            <accessor source="#Horse_01-positions-array" count="152" stride="3">
              <param name="X" type="float" />
              <param name="Y" type="float" />
              <param name="Z" type="float" />
            </accessor>
          </technique_common>
        </source>
        <vertices id="Horse_01-vertices">
          <input semantic="POSITION" source="#Horse_01-positions" />
        </vertices>
        <triangles material="Horse_White" count="198">
          <input semantic="VERTEX" source="#Horse_01-vertices" offset="0" />
          <p>0 1 2 0 2 3 0 3 4 0 4 5 0 5 6 0 6 7 0 7 8 0 8 1 1 9 10 1 10 2 2 10 11 2 11 3 3 11 12 3 12 4 4 12 13 4 13 5 5 13 14 5 14 6 6 14 15 6 15 7 7 15 16 7 16 8 8 16 9 8 9 1 9 17 18 9 18 10 10 18 19 10 19 11 11 19 20 11 20 12 12 20 21 12 21 13 13 21 22 13 22 14 14 22 23 14 23 15 15 23 24 15 24 16 16 24 17 16 17 9 25 18 17 25 19 18 25 20 19 25 21 20 25 22 21 25 23 22 25 24 23 25 17 24 26 27 34 26 34 33 27 28 35 27 35 34 28 29 36 28 36 35 29 30 37 29 37 36 30 31 38 30 38 37 31 32 39 31 39 38 32 26 33 32 33 39 40 41 42 40 42 43 40 43 44 40 44 45 40 45 46 40 46 47 40 47 41 41 48 49 41 49 42 42 49 50 42 50 43 43 50 51 43 51 44 44 51 52 44 52 45 45 52 53 45 53 46 46 53 54 46 54 47 47 54 48 47 48 41 55 49 48 55 50 49 55 51 50 55 52 51 55 53 52 55 54 53 55 48 54 56 57 58 56 58 59 56 59 60 56 60 61 56 61 62 56 62 63 56 63 57 57 64 65 57 65 58 58 65 66 58 66 59 59 66 67 59 67 60 60 67 68 60 68 61 61 68 69 61 69 62 62 69 70 62 70 63 63 70 64 63 64 57 71 65 64 71 66 65 71 67 66 71 68 67 71 69 68 71 70 69 71 64 70 72 73 79 72 79 78 73 74 80 73 80 79 74 75 81 74 81 80 75 76 82 75 82 81 76 77 83 76 83 82 77 72 78 77 78 83 84 85 91 84 91 90 85 86 92 85 92 91 86 87 93 86 93 92 87 88 94 87 94 93 88 89 95 88 95 94 89 84 90 89 90 95 96 97 103 96 103 102 97 98 104 97 104 103 98 99 105 98 105 104 99 100 106 99 106 105 100 101 107 100 107 106 101 96 102 101 102 107 108 109 115 108 115 114 109 110 116 109 116 115 110 111 117 110 117 116 111 112 118 111 118 117 112 113 119 112 119 118 113 108 114 113 114 119 120 121 127 120 127 126 121 122 128 121 128 127 122 123 129 122 129 128 123 124 130 123 130 129 124 125 131 124 131 130 125 120 126 125 126 131 132 133 138 132 138 137 133 134 139 133 139 138 134 135 140 134 140 139 135 136 141 135 141 140 136 132 137 136 137 141 142 143 148 142 148 147 143 144 149 143 149 148 144 145 150 144 150 149 145 146 151 145 151 150 146 142 147 146 147 151</p>
        </triangles>
      </mesh>
    </geometry>
    <geometry id="Horse_Pole_01-mesh" name="Horse_Pole_01">
      <mesh>
        <source id="Horse_Pole_01-positions">
          <float_array id="Horse_Pole_01-positions-array" count="48">0.042772 -1.975000 -0.000000 0.025829 -1.975000 -0.035182 -0.012242 -1.975000 -0.043872 -0.042772 -1.975000 -0.019525 -0.042772 -1.975000 0.019525 -0.012242 -1.975000 0.043872 0.025829 -1.975000 0.035182 0.042772 1.975000 -0.000000 0.025829 1.975000 -0.035182 -0.012242 1.975000 -0.043872 -0.042772 1.975000 -0.019525 -0.042772 1.975000 0.019525 -0.012242 1.975000 0.043872 0.025829 1.975000 0.035182 -0.002228 -1.975000 -0.000000 -0.002228 1.975000 -0.000000</float_array>
          <technique_common>
            <accessor source="#Horse_Pole_01-positions-array" count="16" stride="3">
              <param name="X" type="float" />
              <param name="Y" type="float" />
              <param name="Z" type="float" />
            </accessor>
          </technique_common>
        </source>
        <vertices id="Horse_Pole_01-vertices">
          <input semantic="POSITION" source="#Horse_Pole_01-positions" />
        </vertices>
        <triangles material="Gold" count="28">
          <input semantic="VERTEX" source="#Horse_Pole_01-vertices" offset="0" />
          <p>0 1 8 0 8 7 14 1 0 15 7 8 1 2 9 1 9 8 14 2 1 15 8 9 2 3 10 2 10 9 14 3 2 15 9 10 3 4 11 3 11 10 14 4 3 15 10 11 4 5 12 4 12 11 14 5 4 15 11 12 5 6 13 5 13 12 14 6 5 15 12 13 6 0 7 6 7 13 14 0 6 15 13 7</p>
        </triangles>
      </mesh>
    </geometry>
    <geometry id="Horse_02-mesh" name="Horse_02">
      <mesh>
        <source id="Horse_02-positions">
          <float_array id="Horse_02-positions-array" count="456">0.101333 0.174420 0.101333 -0.208667 0.074836 -0.208667 -0.206258 0.074836 -0.029481 -0.023667 0.074836 0.226333 0.232148 0.074836 0.408925 0.411333 0.074836 0.411333 0.408925 0.074836 0.232148 0.226333 0.074836 -0.023667 -0.029481 0.074836 -0.206258 -0.337073 -0.165580 -0.337073 -0.333667 -0.165580 -0.083667 -0.075443 -0.165580 0.278110 0.286333 -0.165580 0.536333 0.539740 -0.165580 0.539740 0.536333 -0.165580 0.286333 0.278110 -0.165580 -0.075443 -0.083667 -0.165580 -0.333667 -0.208667 -0.405997 -0.208667 -0.206258 -0.405997 -0.029481 -0.023667 -0.405997 0.226333 0.232148 -0.405997 0.408925 0.411333 -0.405997 0.411333 0.408925 -0.405997 0.232148 0.226333 -0.405997 -0.023667 -0.029481 -0.405997 -0.206258 0.101333 -0.505580 0.101333 -0.011804 -0.005580 -0.280504 -0.152883 -0.080997 -0.320415 -0.288896 -0.099623 -0.229104 -0.317421 -0.047434 -0.075330 -0.216978 0.036273 0.025113 -0.063204 0.088463 -0.003412 0.028107 0.069836 -0.139425 -0.245149 0.554420 -0.513850 -0.386229 0.479003 -0.553761 -0.522241 0.460377 -0.462449 -0.550766 0.512566 -0.308675 -0.450324 0.596273 -0.208233 -0.296549 0.648463 -0.236758 -0.205238 0.629836 -0.372770 -0.478494 0.854420 -0.478494 -0.686701 0.734420 -0.686701 -0.704063 0.734420 -0.512555 -0.551568 0.734420 -0.312760 -0.344046 0.734420 -0.237767 -0.237767 0.734420 -0.344046 -0.312760 0.734420 -0.551568 -0.512555 0.734420 -0.704063 -0.686701 0.494420 -0.686701 -0.704063 0.494420 -0.512555 -0.551568 0.494420 -0.312760 -0.344046 0.494420 -0.237767 -0.237767 0.494420 -0.344046 -0.312760 0.494420 -0.551568 -0.512555 0.494420 -0.704063 -0.478494 0.374420 -0.478494 -0.662342 0.674420 -0.662342 -0.803188 0.604420 -0.803188 -0.826761 0.604420 -0.673554 -0.726524 0.604420 -0.535478 -0.577956 0.604420 -0.492933 -0.492933 0.604420 -0.577956 -0.535478 0.604420 -0.726524 -0.673554 0.604420 -0.826761 -0.803188 0.464420 -0.803188 -0.826761 0.464420 -0.673554 -0.726524 0.464420 -0.535478 -0.577956 0.464420 -0.492933 -0.492933 0.464420 -0.577956 -0.535478 0.464420 -0.726524 -0.673554 0.464420 -0.826761 -0.662342 0.394420 -0.662342 0.395418 -0.334002 0.197428 0.467545 -0.339791 0.177699 0.519942 -0.351370 0.230096 0.500213 -0.357159 0.302223 0.428086 -0.351370 0.321952 0.375689 -0.339791 0.269555 0.324708 -0.974002 0.126718 0.396834 -0.979791 0.106989 0.449232 -0.991370 0.159386 0.429502 -0.997159 0.231512 0.357376 -0.991370 0.251242 0.304978 -0.979791 0.198844 -0.092485 -0.334002 -0.290475 -0.020359 -0.339791 -0.310204 0.032039 -0.351370 -0.257807 0.012309 -0.357159 -0.185681 -0.059817 -0.351370 -0.165951 -0.112215 -0.339791 -0.218349 -0.163196 -0.974002 -0.361186 -0.091069 -0.979791 -0.380915 -0.038672 -0.991370 -0.328518 -0.058401 -0.997159 -0.256391 -0.130528 -0.991370 -0.236662 -0.182925 -0.979791 -0.289059 0.197428 -0.334002 0.395418 0.269555 -0.339791 0.375689 0.321952 -0.351370 0.428086 0.302223 -0.357159 0.500213 0.230096 -0.351370 0.519942 0.177699 -0.339791 0.467545 0.126718 -0.974002 0.324708 0.198844 -0.979791 0.304978 0.251242 -0.991370 0.357376 0.231512 -0.997159 0.429502 0.159386 -0.991370 0.449232 0.106989 -0.979791 0.396834 -0.290475 -0.334002 -0.092485 -0.218349 -0.339791 -0.112215 -0.165951 -0.351370 -0.059817 -0.185681 -0.357159 0.012309 -0.257807 -0.351370 0.032039 -0.310204 -0.339791 -0.020359 -0.361186 -0.974002 -0.163196 -0.289059 -0.979791 -0.182925 -0.236662 -0.991370 -0.130528 -0.256391 -0.997159 -0.058401 -0.328518 -0.991370 -0.038672 -0.380915 -0.979791 -0.091069 0.401854 -0.115580 0.507920 0.401210 -0.167958 0.454243 0.454243 -0.167958 0.401210 0.507920 -0.115580 0.401854 0.508563 -0.063203 0.455530 0.455530 -0.063203 0.508563 0.720052 -0.445580 0.826118 0.719408 -0.497958 0.772441 0.772441 -0.497958 0.719408 0.826118 -0.445580 0.720052 0.826761 -0.393203 0.773728 0.773728 -0.393203 0.826761 -0.306311 0.787159 -0.447732 -0.295465 0.778356 -0.510862 -0.351892 0.764113 -0.539033 -0.397611 0.764113 -0.493314 -0.369440 0.778356 -0.436887 -0.341666 0.997159 -0.483087 -0.330821 0.988356 -0.546217 -0.387248 0.974113 -0.574388 -0.432967 0.974113 -0.528669 -0.404796 0.988356 -0.472242 -0.447732 0.787159 -0.306311 -0.436887 0.778356 -0.369440 -0.493314 0.764113 -0.397611 -0.539033 0.764113 -0.351892 -0.510862 0.778356 -0.295465 -0.483087 0.997159 -0.341666 -0.472242 0.988356 -0.404796 -0.528669 0.974113 -0.432967 -0.574388 0.974113 -0.387248 -0.546217 0.988356 -0.330821</float_array>
          <technique_common>
            <accessor source="#Horse_02-positions-array" count="152" stride="3">
              <param name="X" type="float" />
              <param name="Y" type="float" />
              <param name="Z" type="float" />
            </accessor>
          </technique_common>
        </source>
        <vertices id="Horse_02-vertices">
          <input semantic="POSITION" source="#Horse_02-positions" />
        </vertices>
        <triangles material="Horse_Tan" count="198">
          <input semantic="VERTEX" source="#Horse_02-vertices" offset="0" />
          <p>0 1 2 0 2 3 0 3 4 0 4 5 0 5 6 0 6 7 0 7 8 0 8 1 1 9 10 1 10 2 2 10 11 2 11 3 3 11 12 3 12 4 4 12 13 4 13 5 5 13 14 5 14 6 6 14 15 6 15 7 7 15 16 7 16 8 8 16 9 8 9 1 9 17 18 9 18 10 10 18 19 10 19 11 11 19 20 11 20 12 12 20 21 12 21 13 13 21 22 13 22 14 14 22 23 14 23 15 15 23 24 15 24 16 16 24 17 16 17 9 25 18 17 25 19 18 25 20 19 25 21 20 25 22 21 25 23 22 25 24 23 25 17 24 26 27 34 26 34 33 27 28 35 27 35 34 28 29 36 28 36 35 29 30 37 29 37 36 30 31 38 30 38 37 31 32 39 31 39 38 32 26 33 32 33 39 40 41 42 40 42 43 40 43 44 40 44 45 40 45 46 40 46 47 40 47 41 41 48 49 41 49 42 42 49 50 42 50 43 43 50 51 43 51 44 44 51 52 44 52 45 45 52 53 45 53 46 46 53 54 46 54 47 47 54 48 47 48 41 55 49 48 55 50 49 55 51 50 55 52 51 55 53 52 55 54 53 55 48 54 56 57 58 56 58 59 56 59 60 56 60 61 56 61 62 56 62 63 56 63 57 57 64 65 57 65 58 58 65 66 58 66 59 59 66 67 59 67 60 60 67 68 60 68 61 61 68 69 61 69 62 62 69 70 62 70 63 63 70 64 63 64 57 71 65 64 71 66 65 71 67 66 71 68 67 71 69 68 71 70 69 71 64 70 72 73 79 72 79 78 73 74 80 73 80 79 74 75 81 74 81 80 75 76 82 75 82 81 76 77 83 76 83 82 77 72 78 77 78 83 84 85 91 84 91 90 85 86 92 85 92 91 86 87 93 86 93 92 87 88 94 87 94 93 88 89 95 88 95 94 89 84 90 89 90 95 96 97 103 96 103 102 97 98 104 97 104 103 98 99 105 98 105 104 99 100 106 99 106 105 100 101 107 100 107 106 101 96 102 101 102 107 108 109 115 108 115 114 109 110 116 109 116 115 110 111 117 110 117 116 111 112 118 111 118 117 112 113 119 112 119 118 113 108 114 113 114 119 120 121 127 120 127 126 121 122 128 121 128 127 122 123 129 122 129 128 123 124 130 123 130 129 124 125 131 124 131 130 125 120 126 125 126 131 132 133 138 132 138 137 133 134 139 133 139 138 134 135 140 134 140 139 135 136 141 135 141 140 136 132 137 136 137 141 142 143 148 142 148 147 143 144 149 143 149 148 144 145 150 144 150 149 145 146 151 145 151 150 146 142 147 146 147 151</p>
        </triangles>
      </mesh>
    </geometry>
    <geometry id="Horse_Pole_02-mesh" name="Horse_Pole_02">
      <mesh>
        <source id="Horse_Pole_02-positions">
          <float_array id="Horse_Pole_02-positions-array" count="48">0.042772 -1.975000 -0.000000 0.025829 -1.975000 -0.035182 -0.012242 -1.975000 -0.043872 -0.042772 -1.975000 -0.019525 -0.042772 -1.975000 0.019525 -0.012242 -1.975000 0.043872 0.025829 -1.975000 0.035182 0.042772 1.975000 -0.000000 0.025829 1.975000 -0.035182 -0.012242 1.975000 -0.043872 -0.042772 1.975000 -0.019525 -0.042772 1.975000 0.019525 -0.012242 1.975000 0.043872 0.025829 1.975000 0.035182 -0.002228 -1.975000 -0.000000 -0.002228 1.975000 -0.000000</float_array>
          <technique_common>
            <accessor source="#Horse_Pole_02-positions-array" count="16" stride="3">
              <param name="X" type="float" />
              <param name="Y" type="float" />
              <param name="Z" type="float" />
            </accessor>
          </technique_common>
        </source>
        <vertices id="Horse_Pole_02-vertices">
          <input semantic="POSITION" source="#Horse_Pole_02-positions" />
        </vertices>
        <triangles material="Gold" count="28">
          <input semantic="VERTEX" source="#Horse_Pole_02-vertices" offset="0" />
          <p>0 1 8 0 8 7 14 1 0 15 7 8 1 2 9 1 9 8 14 2 1 15 8 9 2 3 10 2 10 9 14 3 2 15 9 10 3 4 11 3 11 10 14 4 3 15 10 11 4 5 12 4 12 11 14 5 4 15 11 12 5 6 13 5 13 12 14 6 5 15 12 13 6 0 7 6 7 13 14 0 6 15 13 7</p>
        </triangles>
      </mesh>
    </geometry>
    <geometry id="Horse_03-mesh" name="Horse_03">
      <mesh>
        <source id="Horse_03-positions">
          <float_array id="Horse_03-positions-array" count="456">0.145388 0.174420 -0.000000 -0.293018 0.074836 -0.000000 -0.164612 0.074836 0.125000 0.145388 0.074836 0.176777 0.455388 0.074836 0.125000 0.583794 0.074836 -0.000000 0.455388 0.074836 -0.125000 0.145388 0.074836 -0.176777 -0.164612 0.074836 -0.125000 -0.474612 -0.165580 -0.000000 -0.293018 -0.165580 0.176777 0.145388 -0.165580 0.250000 0.583794 -0.165580 0.176777 0.765388 -0.165580 -0.000000 0.583794 -0.165580 -0.176777 0.145388 -0.165580 -0.250000 -0.293018 -0.165580 -0.176777 -0.293018 -0.405997 -0.000000 -0.164612 -0.405997 0.125000 0.145388 -0.405997 0.176777 0.455388 -0.405997 0.125000 0.583794 -0.405997 -0.000000 0.455388 -0.405997 -0.125000 0.145388 -0.405997 -0.176777 -0.164612 -0.405997 -0.125000 0.145388 -0.505580 -0.000000 -0.204612 -0.005580 -0.190000 -0.332592 -0.080997 -0.118463 -0.364200 -0.099623 0.042279 -0.275636 -0.047434 0.171184 -0.133589 0.036273 0.171184 -0.045024 0.088463 0.042279 -0.076632 0.069836 -0.118463 -0.534612 0.554420 -0.190000 -0.662592 0.479003 -0.118463 -0.694200 0.460377 0.042279 -0.605636 0.512566 0.171184 -0.463589 0.596273 0.171184 -0.375024 0.648463 0.042279 -0.406632 0.629836 -0.118463 -0.674612 0.854420 -0.000000 -0.969061 0.734420 -0.000000 -0.858198 0.734420 0.135417 -0.609091 0.734420 0.168862 -0.409323 0.734420 0.075151 -0.409323 0.734420 -0.075151 -0.609091 0.734420 -0.168862 -0.858198 0.734420 -0.135417 -0.969061 0.494420 -0.000000 -0.858198 0.494420 0.135417 -0.609091 0.494420 0.168862 -0.409323 0.494420 0.075151 -0.409323 0.494420 -0.075151 -0.609091 0.494420 -0.168862 -0.858198 0.494420 -0.135417 -0.674612 0.374420 -0.000000 -0.934612 0.674420 -0.000000 -1.133798 0.604420 -0.000000 -1.058803 0.604420 0.108334 -0.890289 0.604420 0.135090 -0.755152 0.604420 0.060121 -0.755152 0.604420 -0.060121 -0.890289 0.604420 -0.135090 -1.058803 0.604420 -0.108334 -1.133798 0.464420 -0.000000 -1.058803 0.464420 0.108334 -0.890289 0.464420 0.135090 -0.755152 0.464420 0.060121 -0.755152 0.464420 -0.060121 -0.890289 0.464420 -0.135090 -1.058803 0.464420 -0.108334 -0.934612 0.394420 -0.000000 0.421287 -0.334002 -0.140000 0.458337 -0.339791 -0.204952 0.532438 -0.351370 -0.204952 0.569489 -0.357159 -0.140000 0.532438 -0.351370 -0.075048 0.458337 -0.339791 -0.075048 0.321287 -0.974002 -0.140000 0.358337 -0.979791 -0.204952 0.432438 -0.991370 -0.204952 0.469489 -0.997159 -0.140000 0.432438 -0.991370 -0.075048 0.358337 -0.979791 -0.075048 -0.268713 -0.334002 -0.140000 -0.231663 -0.339791 -0.204952 -0.157562 -0.351370 -0.204952 -0.120511 -0.357159 -0.140000 -0.157562 -0.351370 -0.075048 -0.231663 -0.339791 -0.075048 -0.368713 -0.974002 -0.140000 -0.331663 -0.979791 -0.204952 -0.257562 -0.991370 -0.204952 -0.220511 -0.997159 -0.140000 -0.257562 -0.991370 -0.075048 -0.331663 -0.979791 -0.075048 0.421287 -0.334002 0.140000 0.458337 -0.339791 0.075048 0.532438 -0.351370 0.075048 0.569489 -0.357159 0.140000 0.532438 -0.351370 0.204952 0.458337 -0.339791 0.204952 0.321287 -0.974002 0.140000 0.358337 -0.979791 0.075048 0.432438 -0.991370 0.075048 0.469489 -0.997159 0.140000 0.432438 -0.991370 0.204952 0.358337 -0.979791 0.204952 -0.268713 -0.334002 0.140000 -0.231663 -0.339791 0.075048 -0.157562 -0.351370 0.075048 -0.120511 -0.357159 0.140000 -0.157562 -0.351370 0.204952 -0.231663 -0.339791 0.204952 -0.368713 -0.974002 0.140000 -0.331663 -0.979791 0.075048 -0.257562 -0.991370 0.075048 -0.220511 -0.997159 0.140000 -0.257562 -0.991370 0.204952 -0.331663 -0.979791 0.204952 0.645388 -0.115580 0.075000 0.606978 -0.167958 0.037500 0.606978 -0.167958 -0.037500 0.645388 -0.115580 -0.075000 0.683798 -0.063203 -0.037500 0.683798 -0.063203 0.037500 1.095388 -0.445580 0.075000 1.056978 -0.497958 0.037500 1.056978 -0.497958 -0.037500 1.095388 -0.445580 -0.075000 1.133798 -0.393203 -0.037500 1.133798 -0.393203 0.037500 -0.531108 0.787159 -0.100000 -0.568078 0.778356 -0.152308 -0.627898 0.764113 -0.132328 -0.627898 0.764113 -0.067672 -0.568078 0.778356 -0.047692 -0.581108 0.997159 -0.100000 -0.618078 0.988356 -0.152308 -0.677898 0.974113 -0.132328 -0.677898 0.974113 -0.067672 -0.618078 0.988356 -0.047692 -0.531108 0.787159 0.100000 -0.568078 0.778356 0.047692 -0.627898 0.764113 0.067672 -0.627898 0.764113 0.132328 -0.568078 0.778356 0.152308 -0.581108 0.997159 0.100000 -0.618078 0.988356 0.047692 -0.677898 0.974113 0.067672 -0.677898 0.974113 0.132328 -0.618078 0.988356 0.152308</float_array>
          <technique_common>
            <accessor source="#Horse_03-positions-array" count="152" stride="3">
              <param name="X" type="float" />
              <param name="Y" type="float" />
              <param name="Z" type="float" />
            </accessor>
          </technique_common>
        </source>
        <vertices id="Horse_03-vertices">
          <input semantic="POSITION" source="#Horse_03-positions" />
        </vertices>
        <triangles material="Horse_White" count="198">
          <input semantic="VERTEX" source="#Horse_03-vertices" offset="0" />
          <p>0 1 2 0 2 3 0 3 4 0 4 5 0 5 6 0 6 7 0 7 8 0 8 1 1 9 10 1 10 2 2 10 11 2 11 3 3 11 12 3 12 4 4 12 13 4 13 5 5 13 14 5 14 6 6 14 15 6 15 7 7 15 16 7 16 8 8 16 9 8 9 1 9 17 18 9 18 10 10 18 19 10 19 11 11 19 20 11 20 12 12 20 21 12 21 13 13 21 22 13 22 14 14 22 23 14 23 15 15 23 24 15 24 16 16 24 17 16 17 9 25 18 17 25 19 18 25 20 19 25 21 20 25 22 21 25 23 22 25 24 23 25 17 24 26 27 34 26 34 33 27 28 35 27 35 34 28 29 36 28 36 35 29 30 37 29 37 36 30 31 38 30 38 37 31 32 39 31 39 38 32 26 33 32 33 39 40 41 42 40 42 43 40 43 44 40 44 45 40 45 46 40 46 47 40 47 41 41 48 49 41 49 42 42 49 50 42 50 43 43 50 51 43 51 44 44 51 52 44 52 45 45 52 53 45 53 46 46 53 54 46 54 47 47 54 48 47 48 41 55 49 48 55 50 49 55 51 50 55 52 51 55 53 52 55 54 53 55 48 54 56 57 58 56 58 59 56 59 60 56 60 61 56 61 62 56 62 63 56 63 57 57 64 65 57 65 58 58 65 66 58 66 59 59 66 67 59 67 60 60 67 68 60 68 61 61 68 69 61 69 62 62 69 70 62 70 63 63 70 64 63 64 57 71 65 64 71 66 65 71 67 66 71 68 67 71 69 68 71 70 69 71 64 70 72 73 79 72 79 78 73 74 80 73 80 79 74 75 81 74 81 80 75 76 82 75 82 81 76 77 83 76 83 82 77 72 78 77 78 83 84 85 91 84 91 90 85 86 92 85 92 91 86 87 93 86 93 92 87 88 94 87 94 93 88 89 95 88 95 94 89 84 90 89 90 95 96 97 103 96 103 102 97 98 104 97 104 103 98 99 105 98 105 104 99 100 106 99 106 105 100 101 107 100 107 106 101 96 102 101 102 107 108 109 115 108 115 114 109 110 116 109 116 115 110 111 117 110 117 116 111 112 118 111 118 117 112 113 119 112 119 118 113 108 114 113 114 119 120 121 127 120 127 126 121 122 128 121 128 127 122 123 129 122 129 128 123 124 130 123 130 129 124 125 131 124 131 130 125 120 126 125 126 131 132 133 138 132 138 137 133 134 139 133 139 138 134 135 140 134 140 139 135 136 141 135 141 140 136 132 137 136 137 141 142 143 148 142 148 147 143 144 149 143 149 148 144 145 150 144 150 149 145 146 151 145 151 150 146 142 147 146 147 151</p>
        </triangles>
      </mesh>
    </geometry>
    <geometry id="Horse_Pole_03-mesh" name="Horse_Pole_03">
      <mesh>
        <source id="Horse_Pole_03-positions">
          <float_array id="Horse_Pole_03-positions-array" count="48">0.042772 -1.975000 -0.000000 0.025829 -1.975000 -0.035182 -0.012242 -1.975000 -0.043872 -0.042772 -1.975000 -0.019525 -0.042772 -1.975000 0.019525 -0.012242 -1.975000 0.043872 0.025829 -1.975000 0.035182 0.042772 1.975000 -0.000000 0.025829 1.975000 -0.035182 -0.012242 1.975000 -0.043872 -0.042772 1.975000 -0.019525 -0.042772 1.975000 0.019525 -0.012242 1.975000 0.043872 0.025829 1.975000 0.035182 -0.002228 -1.975000 -0.000000 -0.002228 1.975000 -0.000000</float_array>
          <technique_common>
            <accessor source="#Horse_Pole_03-positions-array" count="16" stride="3">
              <param name="X" type="float" />
              <param name="Y" type="float" />
              <param name="Z" type="float" />
            </accessor>
          </technique_common>
        </source>
        <vertices id="Horse_Pole_03-vertices">
          <input semantic="POSITION" source="#Horse_Pole_03-positions" />
        </vertices>
        <triangles material="Gold" count="28">
          <input semantic="VERTEX" source="#Horse_Pole_03-vertices" offset="0" />
          <p>0 1 8 0 8 7 14 1 0 15 7 8 1 2 9 1 9 8 14 2 1 15 8 9 2 3 10 2 10 9 14 3 2 15 9 10 3 4 11 3 11 10 14 4 3 15 10 11 4 5 12 4 12 11 14 5 4 15 11 12 5 6 13 5 13 12 14 6 5 15 12 13 6 0 7 6 7 13 14 0 6 15 13 7</p>
        </triangles>
      </mesh>
    </geometry>
    <geometry id="Horse_04-mesh" name="Horse_04">
      <mesh>
        <source id="Horse_04-positions">
          <float_array id="Horse_04-positions-array" count="456">0.101333 0.174420 -0.101333 -0.208667 0.074836 0.208667 -0.029481 0.074836 0.206258 0.226333 0.074836 0.023667 0.408925 0.074836 -0.232148 0.411333 0.074836 -0.411333 0.232148 0.074836 -0.408925 -0.023667 0.074836 -0.226333 -0.206258 0.074836 0.029481 -0.337073 -0.165580 0.337073 -0.083667 -0.165580 0.333667 0.278110 -0.165580 0.075443 0.536333 -0.165580 -0.286333 0.539740 -0.165580 -0.539740 0.286333 -0.165580 -0.536333 -0.075443 -0.165580 -0.278110 -0.333667 -0.165580 0.083667 -0.208667 -0.405997 0.208667 -0.029481 -0.405997 0.206258 0.226333 -0.405997 0.023667 0.408925 -0.405997 -0.232148 0.411333 -0.405997 -0.411333 0.232148 -0.405997 -0.408925 -0.023667 -0.405997 -0.226333 -0.206258 -0.405997 0.029481 0.101333 -0.505580 -0.101333 -0.280504 -0.005580 0.011804 -0.320415 -0.080997 0.152883 -0.229104 -0.099623 0.288896 -0.075330 -0.047434 0.317421 0.025113 0.036273 0.216978 -0.003412 0.088463 0.063204 -0.139425 0.069836 -0.028107 -0.513850 0.554420 0.245149 -0.553761 0.479003 0.386229 -0.462449 0.460377 0.522241 -0.308675 0.512566 0.550766 -0.208233 0.596273 0.450324 -0.236758 0.648463 0.296549 -0.372770 0.629836 0.205238 -0.478494 0.854420 0.478494 -0.686701 0.734420 0.686701 -0.512555 0.734420 0.704063 -0.312760 0.734420 0.551568 -0.237767 0.734420 0.344046 -0.344046 0.734420 0.237767 -0.551568 0.734420 0.312760 -0.704063 0.734420 0.512555 -0.686701 0.494420 0.686701 -0.512555 0.494420 0.704063 -0.312760 0.494420 0.551568 -0.237767 0.494420 0.344046 -0.344046 0.494420 0.237767 -0.551568 0.494420 0.312760 -0.704063 0.494420 0.512555 -0.478494 0.374420 0.478494 -0.662342 0.674420 0.662342 -0.803188 0.604420 0.803188 -0.673554 0.604420 0.826761 -0.535478 0.604420 0.726524 -0.492933 0.604420 0.577956 -0.577956 0.604420 0.492933 -0.726524 0.604420 0.535478 -0.826761 0.604420 0.673554 -0.803188 0.464420 0.803188 -0.673554 0.464420 0.826761 -0.535478 0.464420 0.726524 -0.492933 0.464420 0.577956 -0.577956 0.464420 0.492933 -0.726524 0.464420 0.535478 -0.826761 0.464420 0.673554 -0.662342 0.394420 0.662342 0.197428 -0.334002 -0.395418 0.177699 -0.339791 -0.467545 0.230096 -0.351370 -0.519942 0.302223 -0.357159 -0.500213 0.321952 -0.351370 -0.428086 0.269555 -0.339791 -0.375689 0.126718 -0.974002 -0.324708 0.106989 -0.979791 -0.396834 0.159386 -0.991370 -0.449232 0.231512 -0.997159 -0.429502 0.251242 -0.991370 -0.357376 0.198844 -0.979791 -0.304978 -0.290475 -0.334002 0.092485 -0.310204 -0.339791 0.020359 -0.257807 -0.351370 -0.032039 -0.185681 -0.357159 -0.012309 -0.165951 -0.351370 0.059817 -0.218349 -0.339791 0.112215 -0.361186 -0.974002 0.163196 -0.380915 -0.979791 0.091069 -0.328518 -0.991370 0.038672 -0.256391 -0.997159 0.058401 -0.236662 -0.991370 0.130528 -0.289059 -0.979791 0.182925 0.395418 -0.334002 -0.197428 0.375689 -0.339791 -0.269555 0.428086 -0.351370 -0.321952 0.500213 -0.357159 -0.302223 0.519942 -0.351370 -0.230096 0.467545 -0.339791 -0.177699 0.324708 -0.974002 -0.126718 0.304978 -0.979791 -0.198844 0.357376 -0.991370 -0.251242 0.429502 -0.997159 -0.231512 0.449232 -0.991370 -0.159386 0.396834 -0.979791 -0.106989 -0.092485 -0.334002 0.290475 -0.112215 -0.339791 0.218349 -0.059817 -0.351370 0.165951 0.012309 -0.357159 0.185681 0.032039 -0.351370 0.257807 -0.020359 -0.339791 0.310204 -0.163196 -0.974002 0.361186 -0.182925 -0.979791 0.289059 -0.130528 -0.991370 0.236662 -0.058401 -0.997159 0.256391 -0.038672 -0.991370 0.328518 -0.091069 -0.979791 0.380915 0.507920 -0.115580 -0.401854 0.454243 -0.167958 -0.401210 0.401210 -0.167958 -0.454243 0.401854 -0.115580 -0.507920 0.455530 -0.063203 -0.508563 0.508563 -0.063203 -0.455530 0.826118 -0.445580 -0.720052 0.772441 -0.497958 -0.719408 0.719408 -0.497958 -0.772441 0.720052 -0.445580 -0.826118 0.773728 -0.393203 -0.826761 0.826761 -0.393203 -0.773728 -0.447732 0.787159 0.306311 -0.510862 0.778356 0.295465 -0.539033 0.764113 0.351892 -0.493314 0.764113 0.397611 -0.436887 0.778356 0.369440 -0.483087 0.997159 0.341666 -0.546217 0.988356 0.330821 -0.574388 0.974113 0.387248 -0.528669 0.974113 0.432967 -0.472242 0.988356 0.404796 -0.306311 0.787159 0.447732 -0.369440 0.778356 0.436887 -0.397611 0.764113 0.493314 -0.351892 0.764113 0.539033 -0.295465 0.778356 0.510862 -0.341666 0.997159 0.483087 -0.404796 0.988356 0.472242 -0.432967 0.974113 0.528669 -0.387248 0.974113 0.574388 -0.330821 0.988356 0.546217</float_array>
          <technique_common>
            <accessor source="#Horse_04-positions-array" count="152" stride="3">
              <param name="X" type="float" />
              <param name="Y" type="float" />
              <param name="Z" type="float" />
            </accessor>
          </technique_common>
        </source>
        <vertices id="Horse_04-vertices">
          <input semantic="POSITION" source="#Horse_04-positions" />
        </vertices>
        <triangles material="Horse_Tan" count="198">
          <input semantic="VERTEX" source="#Horse_04-vertices" offset="0" />
          <p>0 1 2 0 2 3 0 3 4 0 4 5 0 5 6 0 6 7 0 7 8 0 8 1 1 9 10 1 10 2 2 10 11 2 11 3 3 11 12 3 12 4 4 12 13 4 13 5 5 13 14 5 14 6 6 14 15 6 15 7 7 15 16 7 16 8 8 16 9 8 9 1 9 17 18 9 18 10 10 18 19 10 19 11 11 19 20 11 20 12 12 20 21 12 21 13 13 21 22 13 22 14 14 22 23 14 23 15 15 23 24 15 24 16 16 24 17 16 17 9 25 18 17 25 19 18 25 20 19 25 21 20 25 22 21 25 23 22 25 24 23 25 17 24 26 27 34 26 34 33 27 28 35 27 35 34 28 29 36 28 36 35 29 30 37 29 37 36 30 31 38 30 38 37 31 32 39 31 39 38 32 26 33 32 33 39 40 41 42 40 42 43 40 43 44 40 44 45 40 45 46 40 46 47 40 47 41 41 48 49 41 49 42 42 49 50 42 50 43 43 50 51 43 51 44 44 51 52 44 52 45 45 52 53 45 53 46 46 53 54 46 54 47 47 54 48 47 48 41 55 49 48 55 50 49 55 51 50 55 52 51 55 53 52 55 54 53 55 48 54 56 57 58 56 58 59 56 59 60 56 60 61 56 61 62 56 62 63 56 63 57 57 64 65 57 65 58 58 65 66 58 66 59 59 66 67 59 67 60 60 67 68 60 68 61 61 68 69 61 69 62 62 69 70 62 70 63 63 70 64 63 64 57 71 65 64 71 66 65 71 67 66 71 68 67 71 69 68 71 70 69 71 64 70 72 73 79 72 79 78 73 74 80 73 80 79 74 75 81 74 81 80 75 76 82 75 82 81 76 77 83 76 83 82 77 72 78 77 78 83 84 85 91 84 91 90 85 86 92 85 92 91 86 87 93 86 93 92 87 88 94 87 94 93 88 89 95 88 95 94 89 84 90 89 90 95 96 97 103 96 103 102 97 98 104 97 104 103 98 99 105 98 105 104 99 100 106 99 106 105 100 101 107 100 107 106 101 96 102 101 102 107 108 109 115 108 115 114 109 110 116 109 116 115 110 111 117 110 117 116 111 112 118 111 118 117 112 113 119 112 119 118 113 108 114 113 114 119 120 121 127 120 127 126 121 122 128 121 128 127 122 123 129 122 129 128 123 124 130 123 130 129 124 125 131 124 131 130 125 120 126 125 126 131 132 133 138 132 138 137 133 134 139 133 139 138 134 135 140 134 140 139 135 136 141 135 141 140 136 132 137 136 137 141 142 143 148 142 148 147 143 144 149 143 149 148 144 145 150 144 150 149 145 146 151 145 151 150 146 142 147 146 147 151</p>
        </triangles>
      </mesh>
    </geometry>
    <geometry id="Horse_Pole_04-mesh" name="Horse_Pole_04">
      <mesh>
        <source id="Horse_Pole_04-positions">
          <float_array id="Horse_Pole_04-positions-array" count="48">0.042772 -1.975000 -0.000000 0.025829 -1.975000 -0.035182 -0.012242 -1.975000 -0.043872 -0.042772 -1.975000 -0.019525 -0.042772 -1.975000 0.019525 -0.012242 -1.975000 0.043872 0.025829 -1.975000 0.035182 0.042772 1.975000 -0.000000 0.025829 1.975000 -0.035182 -0.012242 1.975000 -0.043872 -0.042772 1.975000 -0.019525 -0.042772 1.975000 0.019525 -0.012242 1.975000 0.043872 0.025829 1.975000 0.035182 -0.002228 -1.975000 -0.000000 -0.002228 1.975000 -0.000000</float_array>
          <technique_common>
            <accessor source="#Horse_Pole_04-positions-array" count="16" stride="3">
              <param name="X" type="float" />
              <param name="Y" type="float" />
              <param name="Z" type="float" />
            </accessor>
          </technique_common>
        </source>
        <vertices id="Horse_Pole_04-vertices">
          <input semantic="POSITION" source="#Horse_Pole_04-positions" />
        </vertices>
        <triangles material="Gold" count="28">
          <input semantic="VERTEX" source="#Horse_Pole_04-vertices" offset="0" />
          <p>0 1 8 0 8 7 14 1 0 15 7 8 1 2 9 1 9 8 14 2 1 15 8 9 2 3 10 2 10 9 14 3 2 15 9 10 3 4 11 3 11 10 14 4 3 15 10 11 4 5 12 4 12 11 14 5 4 15 11 12 5 6 13 5 13 12 14 6 5 15 12 13 6 0 7 6 7 13 14 0 6 15 13 7</p>
        </triangles>
      </mesh>
    </geometry>
    <geometry id="Horse_05-mesh" name="Horse_05">
      <mesh>
        <source id="Horse_05-positions">
          <float_array id="Horse_05-positions-array" count="456">0.000000 0.174420 -0.145388 0.000000 0.074836 0.293018 0.125000 0.074836 0.164612 0.176777 0.074836 -0.145388 0.125000 0.074836 -0.455388 0.000000 0.074836 -0.583794 -0.125000 0.074836 -0.455388 -0.176777 0.074836 -0.145388 -0.125000 0.074836 0.164612 0.000000 -0.165580 0.474612 0.176777 -0.165580 0.293018 0.250000 -0.165580 -0.145388 0.176777 -0.165580 -0.583794 0.000000 -0.165580 -0.765388 -0.176777 -0.165580 -0.583794 -0.250000 -0.165580 -0.145388 -0.176777 -0.165580 0.293018 0.000000 -0.405997 0.293018 0.125000 -0.405997 0.164612 0.176777 -0.405997 -0.145388 0.125000 -0.405997 -0.455388 0.000000 -0.405997 -0.583794 -0.125000 -0.405997 -0.455388 -0.176777 -0.405997 -0.145388 -0.125000 -0.405997 0.164612 0.000000 -0.505580 -0.145388 -0.190000 -0.005580 0.204612 -0.118463 -0.080997 0.332592 0.042279 -0.099623 0.364200 0.171184 -0.047434 0.275636 0.171184 0.036273 0.133589 0.042279 0.088463 0.045024 -0.118463 0.069836 0.076632 -0.190000 0.554420 0.534612 -0.118463 0.479003 0.662592 0.042279 0.460377 0.694200 0.171184 0.512566 0.605636 0.171184 0.596273 0.463589 0.042279 0.648463 0.375024 -0.118463 0.629836 0.406632 0.000000 0.854420 0.674612 0.000000 0.734420 0.969061 0.135417 0.734420 0.858198 0.168862 0.734420 0.609091 0.075151 0.734420 0.409323 -0.075151 0.734420 0.409323 -0.168862 0.734420 0.609091 -0.135417 0.734420 0.858198 0.000000 0.494420 0.969061 0.135417 0.494420 0.858198 0.168862 0.494420 0.609091 0.075151 0.494420 0.409323 -0.075151 0.494420 0.409323 -0.168862 0.494420 0.609091 -0.135417 0.494420 0.858198 0.000000 0.374420 0.674612 0.000000 0.674420 0.934612 -0.000000 0.604420 1.133798 0.108334 0.604420 1.058803 0.135090 0.604420 0.890289 0.060121 0.604420 0.755152 -0.060121 0.604420 0.755152 -0.135090 0.604420 0.890289 -0.108334 0.604420 1.058803 -0.000000 0.464420 1.133798 0.108334 0.464420 1.058803 0.135090 0.464420 0.890289 0.060121 0.464420 0.755152 -0.060121 0.464420 0.755152 -0.135090 0.464420 0.890289 -0.108334 0.464420 1.058803 0.000000 0.394420 0.934612 -0.140000 -0.334002 -0.421287 -0.204952 -0.339791 -0.458337 -0.204952 -0.351370 -0.532438 -0.140000 -0.357159 -0.569489 -0.075048 -0.351370 -0.532438 -0.075048 -0.339791 -0.458337 -0.140000 -0.974002 -0.321287 -0.204952 -0.979791 -0.358337 -0.204952 -0.991370 -0.432438 -0.140000 -0.997159 -0.469489 -0.075048 -0.991370 -0.432438 -0.075048 -0.979791 -0.358337 -0.140000 -0.334002 0.268713 -0.204952 -0.339791 0.231663 -0.204952 -0.351370 0.157562 -0.140000 -0.357159 0.120511 -0.075048 -0.351370 0.157562 -0.075048 -0.339791 0.231663 -0.140000 -0.974002 0.368713 -0.204952 -0.979791 0.331663 -0.204952 -0.991370 0.257562 -0.140000 -0.997159 0.220511 -0.075048 -0.991370 0.257562 -0.075048 -0.979791 0.331663 0.140000 -0.334002 -0.421287 0.075048 -0.339791 -0.458337 0.075048 -0.351370 -0.532438 0.140000 -0.357159 -0.569489 0.204952 -0.351370 -0.532438 0.204952 -0.339791 -0.458337 0.140000 -0.974002 -0.321287 0.075048 -0.979791 -0.358337 0.075048 -0.991370 -0.432438 0.140000 -0.997159 -0.469489 0.204952 -0.991370 -0.432438 0.204952 -0.979791 -0.358337 0.140000 -0.334002 0.268713 0.075048 -0.339791 0.231663 0.075048 -0.351370 0.157562 0.140000 -0.357159 0.120511 0.204952 -0.351370 0.157562 0.204952 -0.339791 0.231663 0.140000 -0.974002 0.368713 0.075048 -0.979791 0.331663 0.075048 -0.991370 0.257562 0.140000 -0.997159 0.220511 0.204952 -0.991370 0.257562 0.204952 -0.979791 0.331663 0.075000 -0.115580 -0.645388 0.037500 -0.167958 -0.606978 -0.037500 -0.167958 -0.606978 -0.075000 -0.115580 -0.645388 -0.037500 -0.063203 -0.683798 0.037500 -0.063203 -0.683798 0.075000 -0.445580 -1.095388 0.037500 -0.497958 -1.056978 -0.037500 -0.497958 -1.056978 -0.075000 -0.445580 -1.095388 -0.037500 -0.393203 -1.133798 0.037500 -0.393203 -1.133798 -0.100000 0.787159 0.531108 -0.152308 0.778356 0.568078 -0.132328 0.764113 0.627898 -0.067672 0.764113 0.627898 -0.047692 0.778356 0.568078 -0.100000 0.997159 0.581108 -0.152308 0.988356 0.618078 -0.132328 0.974113 0.677898 -0.067672 0.974113 0.677898 -0.047692 0.988356 0.618078 0.100000 0.787159 0.531108 0.047692 0.778356 0.568078 0.067672 0.764113 0.627898 0.132328 0.764113 0.627898 0.152308 0.778356 0.568078 0.100000 0.997159 0.581108 0.047692 0.988356 0.618078 0.067672 0.974113 0.677898 0.132328 0.974113 0.677898 0.152308 0.988356 0.618078</float_array>
          <technique_common>
            <accessor source="#Horse_05-positions-array" count="152" stride="3">
              <param name="X" type="float" />
              <param name="Y" type="float" />
              <param name="Z" type="float" />
            </accessor>
          </technique_common>
        </source>
        <vertices id="Horse_05-vertices">
          <input semantic="POSITION" source="#Horse_05-positions" />
        </vertices>
        <triangles material="Horse_White" count="198">
          <input semantic="VERTEX" source="#Horse_05-vertices" offset="0" />
          <p>0 1 2 0 2 3 0 3 4 0 4 5 0 5 6 0 6 7 0 7 8 0 8 1 1 9 10 1 10 2 2 10 11 2 11 3 3 11 12 3 12 4 4 12 13 4 13 5 5 13 14 5 14 6 6 14 15 6 15 7 7 15 16 7 16 8 8 16 9 8 9 1 9 17 18 9 18 10 10 18 19 10 19 11 11 19 20 11 20 12 12 20 21 12 21 13 13 21 22 13 22 14 14 22 23 14 23 15 15 23 24 15 24 16 16 24 17 16 17 9 25 18 17 25 19 18 25 20 19 25 21 20 25 22 21 25 23 22 25 24 23 25 17 24 26 27 34 26 34 33 27 28 35 27 35 34 28 29 36 28 36 35 29 30 37 29 37 36 30 31 38 30 38 37 31 32 39 31 39 38 32 26 33 32 33 39 40 41 42 40 42 43 40 43 44 40 44 45 40 45 46 40 46 47 40 47 41 41 48 49 41 49 42 42 49 50 42 50 43 43 50 51 43 51 44 44 51 52 44 52 45 45 52 53 45 53 46 46 53 54 46 54 47 47 54 48 47 48 41 55 49 48 55 50 49 55 51 50 55 52 51 55 53 52 55 54 53 55 48 54 56 57 58 56 58 59 56 59 60 56 60 61 56 61 62 56 62 63 56 63 57 57 64 65 57 65 58 58 65 66 58 66 59 59 66 67 59 67 60 60 67 68 60 68 61 61 68 69 61 69 62 62 69 70 62 70 63 63 70 64 63 64 57 71 65 64 71 66 65 71 67 66 71 68 67 71 69 68 71 70 69 71 64 70 72 73 79 72 79 78 73 74 80 73 80 79 74 75 81 74 81 80 75 76 82 75 82 81 76 77 83 76 83 82 77 72 78 77 78 83 84 85 91 84 91 90 85 86 92 85 92 91 86 87 93 86 93 92 87 88 94 87 94 93 88 89 95 88 95 94 89 84 90 89 90 95 96 97 103 96 103 102 97 98 104 97 104 103 98 99 105 98 105 104 99 100 106 99 106 105 100 101 107 100 107 106 101 96 102 101 102 107 108 109 115 108 115 114 109 110 116 109 116 115 110 111 117 110 117 116 111 112 118 111 118 117 112 113 119 112 119 118 113 108 114 113 114 119 120 121 127 120 127 126 121 122 128 121 128 127 122 123 129 122 129 128 123 124 130 123 130 129 124 125 131 124 131 130 125 120 126 125 126 131 132 133 138 132 138 137 133 134 139 133 139 138 134 135 140 134 140 139 135 136 141 135 141 140 136 132 137 136 137 141 142 143 148 142 148 147 143 144 149 143 149 148 144 145 150 144 150 149 145 146 151 145 151 150 146 142 147 146 147 151</p>
        </triangles>
      </mesh>
    </geometry>
    <geometry id="Horse_Pole_05-mesh" name="Horse_Pole_05">
      <mesh>
        <source id="Horse_Pole_05-positions">
          <float_array id="Horse_Pole_05-positions-array" count="48">0.042772 -1.975000 -0.000000 0.025829 -1.975000 -0.035182 -0.012242 -1.975000 -0.043872 -0.042772 -1.975000 -0.019525 -0.042772 -1.975000 0.019525 -0.012242 -1.975000 0.043872 0.025829 -1.975000 0.035182 0.042772 1.975000 -0.000000 0.025829 1.975000 -0.035182 -0.012242 1.975000 -0.043872 -0.042772 1.975000 -0.019525 -0.042772 1.975000 0.019525 -0.012242 1.975000 0.043872 0.025829 1.975000 0.035182 -0.002228 -1.975000 -0.000000 -0.002228 1.975000 -0.000000</float_array>
          <technique_common>
            <accessor source="#Horse_Pole_05-positions-array" count="16" stride="3">
              <param name="X" type="float" />
              <param name="Y" type="float" />
              <param name="Z" type="float" />
            </accessor>
          </technique_common>
        </source>
        <vertices id="Horse_Pole_05-vertices">
          <input semantic="POSITION" source="#Horse_Pole_05-positions" />
        </vertices>
        <triangles material="Gold" count="28">
          <input semantic="VERTEX" source="#Horse_Pole_05-vertices" offset="0" />
          <p>0 1 8 0 8 7 14 1 0 15 7 8 1 2 9 1 9 8 14 2 1 15 8 9 2 3 10 2 10 9 14 3 2 15 9 10 3 4 11 3 11 10 14 4 3 15 10 11 4 5 12 4 12 11 14 5 4 15 11 12 5 6 13 5 13 12 14 6 5 15 12 13 6 0 7 6 7 13 14 0 6 15 13 7</p>
        </triangles>
      </mesh>
    </geometry>
    <geometry id="Horse_06-mesh" name="Horse_06">
      <mesh>
        <source id="Horse_06-positions">
          <float_array id="Horse_06-positions-array" count="456">-0.101333 0.174420 -0.101333 0.208667 0.074836 0.208667 0.206258 0.074836 0.029481 0.023667 0.074836 -0.226333 -0.232148 0.074836 -0.408925 -0.411333 0.074836 -0.411333 -0.408925 0.074836 -0.232148 -0.226333 0.074836 0.023667 0.029481 0.074836 0.206258 0.337073 -0.165580 0.337073 0.333667 -0.165580 0.083667 0.075443 -0.165580 -0.278110 -0.286333 -0.165580 -0.536333 -0.539740 -0.165580 -0.539740 -0.536333 -0.165580 -0.286333 -0.278110 -0.165580 0.075443 0.083667 -0.165580 0.333667 0.208667 -0.405997 0.208667 0.206258 -0.405997 0.029481 0.023667 -0.405997 -0.226333 -0.232148 -0.405997 -0.408925 -0.411333 -0.405997 -0.411333 -0.408925 -0.405997 -0.232148 -0.226333 -0.405997 0.023667 0.029481 -0.405997 0.206258 -0.101333 -0.505580 -0.101333 0.011804 -0.005580 0.280504 0.152883 -0.080997 0.320415 0.288896 -0.099623 0.229104 0.317421 -0.047434 0.075330 0.216978 0.036273 -0.025113 0.063204 0.088463 0.003412 -0.028107 0.069836 0.139425 0.245149 0.554420 0.513850 0.386229 0.479003 0.553761 0.522241 0.460377 0.462449 0.550766 0.512566 0.308675 0.450324 0.596273 0.208233 0.296549 0.648463 0.236758 0.205238 0.629836 0.372770 0.478494 0.854420 0.478494 0.686701 0.734420 0.686701 0.704063 0.734420 0.512555 0.551568 0.734420 0.312760 0.344046 0.734420 0.237767 0.237767 0.734420 0.344046 0.312760 0.734420 0.551568 0.512555 0.734420 0.704063 0.686701 0.494420 0.686701 0.704063 0.494420 0.512555 0.551568 0.494420 0.312760 0.344046 0.494420 0.237767 0.237767 0.494420 0.344046 0.312760 0.494420 0.551568 0.512555 0.494420 0.704063 0.478494 0.374420 0.478494 0.662342 0.674420 0.662342 0.803188 0.604420 0.803188 0.826761 0.604420 0.673554 0.726524 0.604420 0.535478 0.577956 0.604420 0.492933 0.492933 0.604420 0.577956 0.535478 0.604420 0.726524 0.673554 0.604420 0.826761 0.803188 0.464420 0.803188 0.826761 0.464420 0.673554 0.726524 0.464420 0.535478 0.577956 0.464420 0.492933 0.492933 0.464420 0.577956 0.535478 0.464420 0.726524 0.673554 0.464420 0.826761 0.662342 0.394420 0.662342 -0.395418 -0.334002 -0.197428 -0.467545 -0.339791 -0.177699 -0.519942 -0.351370 -0.230096 -0.500213 -0.357159 -0.302223 -0.428086 -0.351370 -0.321952 -0.375689 -0.339791 -0.269555 -0.324708 -0.974002 -0.126718 -0.396834 -0.979791 -0.106989 -0.449232 -0.991370 -0.159386 -0.429502 -0.997159 -0.231512 -0.357376 -0.991370 -0.251242 -0.304978 -0.979791 -0.198844 0.092485 -0.334002 0.290475 0.020359 -0.339791 0.310204 -0.032039 -0.351370 0.257807 -0.012309 -0.357159 0.185681 0.059817 -0.351370 0.165951 0.112215 -0.339791 0.218349 0.163196 -0.974002 0.361186 0.091069 -0.979791 0.380915 0.038672 -0.991370 0.328518 0.058401 -0.997159 0.256391 0.130528 -0.991370 0.236662 0.182925 -0.979791 0.289059 -0.197428 -0.334002 -0.395418 -0.269555 -0.339791 -0.375689 -0.321952 -0.351370 -0.428086 -0.302223 -0.357159 -0.500213 -0.230096 -0.351370 -0.519942 -0.177699 -0.339791 -0.467545 -0.126718 -0.974002 -0.324708 -0.198844 -0.979791 -0.304978 -0.251242 -0.991370 -0.357376 -0.231512 -0.997159 -0.429502 -0.159386 -0.991370 -0.449232 -0.106989 -0.979791 -0.396834 0.290475 -0.334002 0.092485 0.218349 -0.339791 0.112215 0.165951 -0.351370 0.059817 0.185681 -0.357159 -0.012309 0.257807 -0.351370 -0.032039 0.310204 -0.339791 0.020359 0.361186 -0.974002 0.163196 0.289059 -0.979791 0.182925 0.236662 -0.991370 0.130528 0.256391 -0.997159 0.058401 0.328518 -0.991370 0.038672 0.380915 -0.979791 0.091069 -0.401854 -0.115580 -0.507920 -0.401210 -0.167958 -0.454243 -0.454243 -0.167958 -0.401210 -0.507920 -0.115580 -0.401854 -0.508563 -0.063203 -0.455530 -0.455530 -0.063203 -0.508563 -0.720052 -0.445580 -0.826118 -0.719408 -0.497958 -0.772441 -0.772441 -0.497958 -0.719408 -0.826118 -0.445580 -0.720052 -0.826761 -0.393203 -0.773728 -0.773728 -0.393203 -0.826761 0.306311 0.787159 0.447732 0.295465 0.778356 0.510862 0.351892 0.764113 0.539033 0.397611 0.764113 0.493314 0.369440 0.778356 0.436887 0.341666 0.997159 0.483087 0.330821 0.988356 0.546217 0.387248 0.974113 0.574388 0.432967 0.974113 0.528669 0.404796 0.988356 0.472242 0.447732 0.787159 0.306311 0.436887 0.778356 0.369440 0.493314 0.764113 0.397611 0.539033 0.764113 0.351892 0.510862 0.778356 0.295465 0.483087 0.997159 0.341666 0.472242 0.988356 0.404796 0.528669 0.974113 0.432967 0.574388 0.974113 0.387248 0.546217 0.988356 0.330821</float_array>
          <technique_common>
            <accessor source="#Horse_06-positions-array" count="152" stride="3">
              <param name="X" type="float" />
              <param name="Y" type="float" />
              <param name="Z" type="float" />
            </accessor>
          </technique_common>
        </source>
        <vertices id="Horse_06-vertices">
          <input semantic="POSITION" source="#Horse_06-positions" />
        </vertices>
        <triangles material="Horse_Tan" count="198">
          <input semantic="VERTEX" source="#Horse_06-vertices" offset="0" />
          <p>0 1 2 0 2 3 0 3 4 0 4 5 0 5 6 0 6 7 0 7 8 0 8 1 1 9 10 1 10 2 2 10 11 2 11 3 3 11 12 3 12 4 4 12 13 4 13 5 5 13 14 5 14 6 6 14 15 6 15 7 7 15 16 7 16 8 8 16 9 8 9 1 9 17 18 9 18 10 10 18 19 10 19 11 11 19 20 11 20 12 12 20 21 12 21 13 13 21 22 13 22 14 14 22 23 14 23 15 15 23 24 15 24 16 16 24 17 16 17 9 25 18 17 25 19 18 25 20 19 25 21 20 25 22 21 25 23 22 25 24 23 25 17 24 26 27 34 26 34 33 27 28 35 27 35 34 28 29 36 28 36 35 29 30 37 29 37 36 30 31 38 30 38 37 31 32 39 31 39 38 32 26 33 32 33 39 40 41 42 40 42 43 40 43 44 40 44 45 40 45 46 40 46 47 40 47 41 41 48 49 41 49 42 42 49 50 42 50 43 43 50 51 43 51 44 44 51 52 44 52 45 45 52 53 45 53 46 46 53 54 46 54 47 47 54 48 47 48 41 55 49 48 55 50 49 55 51 50 55 52 51 55 53 52 55 54 53 55 48 54 56 57 58 56 58 59 56 59 60 56 60 61 56 61 62 56 62 63 56 63 57 57 64 65 57 65 58 58 65 66 58 66 59 59 66 67 59 67 60 60 67 68 60 68 61 61 68 69 61 69 62 62 69 70 62 70 63 63 70 64 63 64 57 71 65 64 71 66 65 71 67 66 71 68 67 71 69 68 71 70 69 71 64 70 72 73 79 72 79 78 73 74 80 73 80 79 74 75 81 74 81 80 75 76 82 75 82 81 76 77 83 76 83 82 77 72 78 77 78 83 84 85 91 84 91 90 85 86 92 85 92 91 86 87 93 86 93 92 87 88 94 87 94 93 88 89 95 88 95 94 89 84 90 89 90 95 96 97 103 96 103 102 97 98 104 97 104 103 98 99 105 98 105 104 99 100 106 99 106 105 100 101 107 100 107 106 101 96 102 101 102 107 108 109 115 108 115 114 109 110 116 109 116 115 110 111 117 110 117 116 111 112 118 111 118 117 112 113 119 112 119 118 113 108 114 113 114 119 120 121 127 120 127 126 121 122 128 121 128 127 122 123 129 122 129 128 123 124 130 123 130 129 124 125 131 124 131 130 125 120 126 125 126 131 132 133 138 132 138 137 133 134 139 133 139 138 134 135 140 134 140 139 135 136 141 135 141 140 136 132 137 136 137 141 142 143 148 142 148 147 143 144 149 143 149 148 144 145 150 144 150 149 145 146 151 145 151 150 146 142 147 146 147 151</p>
        </triangles>
      </mesh>
    </geometry>
    <geometry id="Horse_Pole_06-mesh" name="Horse_Pole_06">
      <mesh>
        <source id="Horse_Pole_06-positions">
          <float_array id="Horse_Pole_06-positions-array" count="48">0.042772 -1.975000 -0.000000 0.025829 -1.975000 -0.035182 -0.012242 -1.975000 -0.043872 -0.042772 -1.975000 -0.019525 -0.042772 -1.975000 0.019525 -0.012242 -1.975000 0.043872 0.025829 -1.975000 0.035182 0.042772 1.975000 -0.000000 0.025829 1.975000 -0.035182 -0.012242 1.975000 -0.043872 -0.042772 1.975000 -0.019525 -0.042772 1.975000 0.019525 -0.012242 1.975000 0.043872 0.025829 1.975000 0.035182 -0.002228 -1.975000 -0.000000 -0.002228 1.975000 -0.000000</float_array>
          <technique_common>
            <accessor source="#Horse_Pole_06-positions-array" count="16" stride="3">
              <param name="X" type="float" />
              <param name="Y" type="float" />
              <param name="Z" type="float" />
            </accessor>
          </technique_common>
        </source>
        <vertices id="Horse_Pole_06-vertices">
          <input semantic="POSITION" source="#Horse_Pole_06-positions" />
        </vertices>
        <triangles material="Gold" count="28">
          <input semantic="VERTEX" source="#Horse_Pole_06-vertices" offset="0" />
          <p>0 1 8 0 8 7 14 1 0 15 7 8 1 2 9 1 9 8 14 2 1 15 8 9 2 3 10 2 10 9 14 3 2 15 9 10 3 4 11 3 11 10 14 4 3 15 10 11 4 5 12 4 12 11 14 5 4 15 11 12 5 6 13 5 13 12 14 6 5 15 12 13 6 0 7 6 7 13 14 0 6 15 13 7</p>
        </triangles>
      </mesh>
    </geometry>
    <geometry id="Horse_07-mesh" name="Horse_07">
      <mesh>
        <source id="Horse_07-positions">
          <float_array id="Horse_07-positions-array" count="456">-0.145388 0.174420 -0.000000 0.293018 0.074836 -0.000000 0.164612 0.074836 -0.125000 -0.145388 0.074836 -0.176777 -0.455388 0.074836 -0.125000 -0.583794 0.074836 -0.000000 -0.455388 0.074836 0.125000 -0.145388 0.074836 0.176777 0.164612 0.074836 0.125000 0.474612 -0.165580 -0.000000 0.293018 -0.165580 -0.176777 -0.145388 -0.165580 -0.250000 -0.583794 -0.165580 -0.176777 -0.765388 -0.165580 -0.000000 -0.583794 -0.165580 0.176777 -0.145388 -0.165580 0.250000 0.293018 -0.165580 0.176777 0.293018 -0.405997 -0.000000 0.164612 -0.405997 -0.125000 -0.145388 -0.405997 -0.176777 -0.455388 -0.405997 -0.125000 -0.583794 -0.405997 -0.000000 -0.455388 -0.405997 0.125000 -0.145388 -0.405997 0.176777 0.164612 -0.405997 0.125000 -0.145388 -0.505580 -0.000000 0.204612 -0.005580 0.190000 0.332592 -0.080997 0.118463 0.364200 -0.099623 -0.042279 0.275636 -0.047434 -0.171184 0.133589 0.036273 -0.171184 0.045024 0.088463 -0.042279 0.076632 0.069836 0.118463 0.534612 0.554420 0.190000 0.662592 0.479003 0.118463 0.694200 0.460377 -0.042279 0.605636 0.512566 -0.171184 0.463589 0.596273 -0.171184 0.375024 0.648463 -0.042279 0.406632 0.629836 0.118463 0.674612 0.854420 -0.000000 0.969061 0.734420 0.000000 0.858198 0.734420 -0.135417 0.609091 0.734420 -0.168862 0.409323 0.734420 -0.075151 0.409323 0.734420 0.075151 0.609091 0.734420 0.168862 0.858198 0.734420 0.135417 0.969061 0.494420 0.000000 0.858198 0.494420 -0.135417 0.609091 0.494420 -0.168862 0.409323 0.494420 -0.075151 0.409323 0.494420 0.075151 0.609091 0.494420 0.168862 0.858198 0.494420 0.135417 0.674612 0.374420 -0.000000 0.934612 0.674420 0.000000 1.133798 0.604420 0.000000 1.058803 0.604420 -0.108334 0.890289 0.604420 -0.135090 0.755152 0.604420 -0.060121 0.755152 0.604420 0.060121 0.890289 0.604420 0.135090 1.058803 0.604420 0.108334 1.133798 0.464420 0.000000 1.058803 0.464420 -0.108334 0.890289 0.464420 -0.135090 0.755152 0.464420 -0.060121 0.755152 0.464420 0.060121 0.890289 0.464420 0.135090 1.058803 0.464420 0.108334 0.934612 0.394420 0.000000 -0.421287 -0.334002 0.140000 -0.458337 -0.339791 0.204952 -0.532438 -0.351370 0.204952 -0.569489 -0.357159 0.140000 -0.532438 -0.351370 0.075048 -0.458337 -0.339791 0.075048 -0.321287 -0.974002 0.140000 -0.358337 -0.979791 0.204952 -0.432438 -0.991370 0.204952 -0.469489 -0.997159 0.140000 -0.432438 -0.991370 0.075048 -0.358337 -0.979791 0.075048 0.268713 -0.334002 0.140000 0.231663 -0.339791 0.204952 0.157562 -0.351370 0.204952 0.120511 -0.357159 0.140000 0.157562 -0.351370 0.075048 0.231663 -0.339791 0.075048 0.368713 -0.974002 0.140000 0.331663 -0.979791 0.204952 0.257562 -0.991370 0.204952 0.220511 -0.997159 0.140000 0.257562 -0.991370 0.075048 0.331663 -0.979791 0.075048 -0.421287 -0.334002 -0.140000 -0.458337 -0.339791 -0.075048 -0.532438 -0.351370 -0.075048 -0.569489 -0.357159 -0.140000 -0.532438 -0.351370 -0.204952 -0.458337 -0.339791 -0.204952 -0.321287 -0.974002 -0.140000 -0.358337 -0.979791 -0.075048 -0.432438 -0.991370 -0.075048 -0.469489 -0.997159 -0.140000 -0.432438 -0.991370 -0.204952 -0.358337 -0.979791 -0.204952 0.268713 -0.334002 -0.140000 0.231663 -0.339791 -0.075048 0.157562 -0.351370 -0.075048 0.120511 -0.357159 -0.140000 0.157562 -0.351370 -0.204952 0.231663 -0.339791 -0.204952 0.368713 -0.974002 -0.140000 0.331663 -0.979791 -0.075048 0.257562 -0.991370 -0.075048 0.220511 -0.997159 -0.140000 0.257562 -0.991370 -0.204952 0.331663 -0.979791 -0.204952 -0.645388 -0.115580 -0.075000 -0.606978 -0.167958 -0.037500 -0.606978 -0.167958 0.037500 -0.645388 -0.115580 0.075000 -0.683798 -0.063203 0.037500 -0.683798 -0.063203 -0.037500 -1.095388 -0.445580 -0.075000 -1.056978 -0.497958 -0.037500 -1.056978 -0.497958 0.037500 -1.095388 -0.445580 0.075000 -1.133798 -0.393203 0.037500 -1.133798 -0.393203 -0.037500 0.531108 0.787159 0.100000 0.568078 0.778356 0.152308 0.627898 0.764113 0.132328 0.627898 0.764113 0.067672 0.568078 0.778356 0.047692 0.581108 0.997159 0.100000 0.618078 0.988356 0.152308 0.677898 0.974113 0.132328 0.677898 0.974113 0.067672 0.618078 0.988356 0.047692 0.531108 0.787159 -0.100000 0.568078 0.778356 -0.047692 0.627898 0.764113 -0.067672 0.627898 0.764113 -0.132328 0.568078 0.778356 -0.152308 0.581108 0.997159 -0.100000 0.618078 0.988356 -0.047692 0.677898 0.974113 -0.067672 0.677898 0.974113 -0.132328 0.618078 0.988356 -0.152308</float_array>
          <technique_common>
            <accessor source="#Horse_07-positions-array" count="152" stride="3">
              <param name="X" type="float" />
              <param name="Y" type="float" />
              <param name="Z" type="float" />
            </accessor>
          </technique_common>
        </source>
        <vertices id="Horse_07-vertices">
          <input semantic="POSITION" source="#Horse_07-positions" />
        </vertices>
        <triangles material="Horse_White" count="198">
          <input semantic="VERTEX" source="#Horse_07-vertices" offset="0" />
          <p>0 1 2 0 2 3 0 3 4 0 4 5 0 5 6 0 6 7 0 7 8 0 8 1 1 9 10 1 10 2 2 10 11 2 11 3 3 11 12 3 12 4 4 12 13 4 13 5 5 13 14 5 14 6 6 14 15 6 15 7 7 15 16 7 16 8 8 16 9 8 9 1 9 17 18 9 18 10 10 18 19 10 19 11 11 19 20 11 20 12 12 20 21 12 21 13 13 21 22 13 22 14 14 22 23 14 23 15 15 23 24 15 24 16 16 24 17 16 17 9 25 18 17 25 19 18 25 20 19 25 21 20 25 22 21 25 23 22 25 24 23 25 17 24 26 27 34 26 34 33 27 28 35 27 35 34 28 29 36 28 36 35 29 30 37 29 37 36 30 31 38 30 38 37 31 32 39 31 39 38 32 26 33 32 33 39 40 41 42 40 42 43 40 43 44 40 44 45 40 45 46 40 46 47 40 47 41 41 48 49 41 49 42 42 49 50 42 50 43 43 50 51 43 51 44 44 51 52 44 52 45 45 52 53 45 53 46 46 53 54 46 54 47 47 54 48 47 48 41 55 49 48 55 50 49 55 51 50 55 52 51 55 53 52 55 54 53 55 48 54 56 57 58 56 58 59 56 59 60 56 60 61 56 61 62 56 62 63 56 63 57 57 64 65 57 65 58 58 65 66 58 66 59 59 66 67 59 67 60 60 67 68 60 68 61 61 68 69 61 69 62 62 69 70 62 70 63 63 70 64 63 64 57 71 65 64 71 66 65 71 67 66 71 68 67 71 69 68 71 70 69 71 64 70 72 73 79 72 79 78 73 74 80 73 80 79 74 75 81 74 81 80 75 76 82 75 82 81 76 77 83 76 83 82 77 72 78 77 78 83 84 85 91 84 91 90 85 86 92 85 92 91 86 87 93 86 93 92 87 88 94 87 94 93 88 89 95 88 95 94 89 84 90 89 90 95 96 97 103 96 103 102 97 98 104 97 104 103 98 99 105 98 105 104 99 100 106 99 106 105 100 101 107 100 107 106 101 96 102 101 102 107 108 109 115 108 115 114 109 110 116 109 116 115 110 111 117 110 117 116 111 112 118 111 118 117 112 113 119 112 119 118 113 108 114 113 114 119 120 121 127 120 127 126 121 122 128 121 128 127 122 123 129 122 129 128 123 124 130 123 130 129 124 125 131 124 131 130 125 120 126 125 126 131 132 133 138 132 138 137 133 134 139 133 139 138 134 135 140 134 140 139 135 136 141 135 141 140 136 132 137 136 137 141 142 143 148 142 148 147 143 144 149 143 149 148 144 145 150 144 150 149 145 146 151 145 151 150 146 142 147 146 147 151</p>
        </triangles>
      </mesh>
    </geometry>
    <geometry id="Horse_Pole_07-mesh" name="Horse_Pole_07">
      <mesh>
        <source id="Horse_Pole_07-positions">
          <float_array id="Horse_Pole_07-positions-array" count="48">0.042772 -1.975000 -0.000000 0.025829 -1.975000 -0.035182 -0.012242 -1.975000 -0.043872 -0.042772 -1.975000 -0.019525 -0.042772 -1.975000 0.019525 -0.012242 -1.975000 0.043872 0.025829 -1.975000 0.035182 0.042772 1.975000 -0.000000 0.025829 1.975000 -0.035182 -0.012242 1.975000 -0.043872 -0.042772 1.975000 -0.019525 -0.042772 1.975000 0.019525 -0.012242 1.975000 0.043872 0.025829 1.975000 0.035182 -0.002228 -1.975000 -0.000000 -0.002228 1.975000 -0.000000</float_array>
          <technique_common>
            <accessor source="#Horse_Pole_07-positions-array" count="16" stride="3">
              <param name="X" type="float" />
              <param name="Y" type="float" />
              <param name="Z" type="float" />
            </accessor>
          </technique_common>
        </source>
        <vertices id="Horse_Pole_07-vertices">
          <input semantic="POSITION" source="#Horse_Pole_07-positions" />
        </vertices>
        <triangles material="Gold" count="28">
          <input semantic="VERTEX" source="#Horse_Pole_07-vertices" offset="0" />
          <p>0 1 8 0 8 7 14 1 0 15 7 8 1 2 9 1 9 8 14 2 1 15 8 9 2 3 10 2 10 9 14 3 2 15 9 10 3 4 11 3 11 10 14 4 3 15 10 11 4 5 12 4 12 11 14 5 4 15 11 12 5 6 13 5 13 12 14 6 5 15 12 13 6 0 7 6 7 13 14 0 6 15 13 7</p>
        </triangles>
      </mesh>
    </geometry>
    <geometry id="Horse_08-mesh" name="Horse_08">
      <mesh>
        <source id="Horse_08-positions">
          <float_array id="Horse_08-positions-array" count="456">-0.101333 0.174420 0.101333 0.208667 0.074836 -0.208667 0.029481 0.074836 -0.206258 -0.226333 0.074836 -0.023667 -0.408925 0.074836 0.232148 -0.411333 0.074836 0.411333 -0.232148 0.074836 0.408925 0.023667 0.074836 0.226333 0.206258 0.074836 -0.029481 0.337073 -0.165580 -0.337073 0.083667 -0.165580 -0.333667 -0.278110 -0.165580 -0.075443 -0.536333 -0.165580 0.286333 -0.539740 -0.165580 0.539740 -0.286333 -0.165580 0.536333 0.075443 -0.165580 0.278110 0.333667 -0.165580 -0.083667 0.208667 -0.405997 -0.208667 0.029481 -0.405997 -0.206258 -0.226333 -0.405997 -0.023667 -0.408925 -0.405997 0.232148 -0.411333 -0.405997 0.411333 -0.232148 -0.405997 0.408925 0.023667 -0.405997 0.226333 0.206258 -0.405997 -0.029481 -0.101333 -0.505580 0.101333 0.280504 -0.005580 -0.011804 0.320415 -0.080997 -0.152883 0.229104 -0.099623 -0.288896 0.075330 -0.047434 -0.317421 -0.025113 0.036273 -0.216978 0.003412 0.088463 -0.063204 0.139425 0.069836 0.028107 0.513850 0.554420 -0.245149 0.553761 0.479003 -0.386229 0.462449 0.460377 -0.522241 0.308675 0.512566 -0.550766 0.208233 0.596273 -0.450324 0.236758 0.648463 -0.296549 0.372770 0.629836 -0.205238 0.478494 0.854420 -0.478494 0.686701 0.734420 -0.686701 0.512555 0.734420 -0.704063 0.312760 0.734420 -0.551568 0.237767 0.734420 -0.344046 0.344046 0.734420 -0.237767 0.551568 0.734420 -0.312760 0.704063 0.734420 -0.512555 0.686701 0.494420 -0.686701 0.512555 0.494420 -0.704063 0.312760 0.494420 -0.551568 0.237767 0.494420 -0.344046 0.344046 0.494420 -0.237767 0.551568 0.494420 -0.312760 0.704063 0.494420 -0.512555 0.478494 0.374420 -0.478494 0.662342 0.674420 -0.662342 0.803188 0.604420 -0.803188 0.673554 0.604420 -0.826761 0.535478 0.604420 -0.726524 0.492933 0.604420 -0.577956 0.577956 0.604420 -0.492933 0.726524 0.604420 -0.535478 0.826761 0.604420 -0.673554 0.803188 0.464420 -0.803188 0.673554 0.464420 -0.826761 0.535478 0.464420 -0.726524 0.492933 0.464420 -0.577956 0.577956 0.464420 -0.492933 0.726524 0.464420 -0.535478 0.826761 0.464420 -0.673554 0.662342 0.394420 -0.662342 -0.197428 -0.334002 0.395418 -0.177699 -0.339791 0.467545 -0.230096 -0.351370 0.519942 -0.302223 -0.357159 0.500213 -0.321952 -0.351370 0.428086 -0.269555 -0.339791 0.375689 -0.126718 -0.974002 0.324708 -0.106989 -0.979791 0.396834 -0.159386 -0.991370 0.449232 -0.231512 -0.997159 0.429502 -0.251242 -0.991370 0.357376 -0.198844 -0.979791 0.304978 0.290475 -0.334002 -0.092485 0.310204 -0.339791 -0.020359 0.257807 -0.351370 0.032039 0.185681 -0.357159 0.012309 0.165951 -0.351370 -0.059817 0.218349 -0.339791 -0.112215 0.361186 -0.974002 -0.163196 0.380915 -0.979791 -0.091069 0.328518 -0.991370 -0.038672 0.256391 -0.997159 -0.058401 0.236662 -0.991370 -0.130528 0.289059 -0.979791 -0.182925 -0.395418 -0.334002 0.197428 -0.375689 -0.339791 0.269555 -0.428086 -0.351370 0.321952 -0.500213 -0.357159 0.302223 -0.519942 -0.351370 0.230096 -0.467545 -0.339791 0.177699 -0.324708 -0.974002 0.126718 -0.304978 -0.979791 0.198844 -0.357376 -0.991370 0.251242 -0.429502 -0.997159 0.231512 -0.449232 -0.991370 0.159386 -0.396834 -0.979791 0.106989 0.092485 -0.334002 -0.290475 0.112215 -0.339791 -0.218349 0.059817 -0.351370 -0.165951 -0.012309 -0.357159 -0.185681 -0.032039 -0.351370 -0.257807 0.020359 -0.339791 -0.310204 0.163196 -0.974002 -0.361186 0.182925 -0.979791 -0.289059 0.130528 -0.991370 -0.236662 0.058401 -0.997159 -0.256391 0.038672 -0.991370 -0.328518 0.091069 -0.979791 -0.380915 -0.507920 -0.115580 0.401854 -0.454243 -0.167958 0.401210 -0.401210 -0.167958 0.454243 -0.401854 -0.115580 0.507920 -0.455530 -0.063203 0.508563 -0.508563 -0.063203 0.455530 -0.826118 -0.445580 0.720052 -0.772441 -0.497958 0.719408 -0.719408 -0.497958 0.772441 -0.720052 -0.445580 0.826118 -0.773728 -0.393203 0.826761 -0.826761 -0.393203 0.773728 0.447732 0.787159 -0.306311 0.510862 0.778356 -0.295465 0.539033 0.764113 -0.351892 0.493314 0.764113 -0.397611 0.436887 0.778356 -0.369440 0.483087 0.997159 -0.341666 0.546217 0.988356 -0.330821 0.574388 0.974113 -0.387248 0.528669 0.974113 -0.432967 0.472242 0.988356 -0.404796 0.306311 0.787159 -0.447732 0.369440 0.778356 -0.436887 0.397611 0.764113 -0.493314 0.351892 0.764113 -0.539033 0.295465 0.778356 -0.510862 0.341666 0.997159 -0.483087 0.404796 0.988356 -0.472242 0.432967 0.974113 -0.528669 0.387248 0.974113 -0.574388 0.330821 0.988356 -0.546217</float_array>
          <technique_common>
            <accessor source="#Horse_08-positions-array" count="152" stride="3">
              <param name="X" type="float" />
              <param name="Y" type="float" />
              <param name="Z" type="float" />
            </accessor>
          </technique_common>
        </source>
        <vertices id="Horse_08-vertices">
          <input semantic="POSITION" source="#Horse_08-positions" />
        </vertices>
        <triangles material="Horse_Tan" count="198">
          <input semantic="VERTEX" source="#Horse_08-vertices" offset="0" />
          <p>0 1 2 0 2 3 0 3 4 0 4 5 0 5 6 0 6 7 0 7 8 0 8 1 1 9 10 1 10 2 2 10 11 2 11 3 3 11 12 3 12 4 4 12 13 4 13 5 5 13 14 5 14 6 6 14 15 6 15 7 7 15 16 7 16 8 8 16 9 8 9 1 9 17 18 9 18 10 10 18 19 10 19 11 11 19 20 11 20 12 12 20 21 12 21 13 13 21 22 13 22 14 14 22 23 14 23 15 15 23 24 15 24 16 16 24 17 16 17 9 25 18 17 25 19 18 25 20 19 25 21 20 25 22 21 25 23 22 25 24 23 25 17 24 26 27 34 26 34 33 27 28 35 27 35 34 28 29 36 28 36 35 29 30 37 29 37 36 30 31 38 30 38 37 31 32 39 31 39 38 32 26 33 32 33 39 40 41 42 40 42 43 40 43 44 40 44 45 40 45 46 40 46 47 40 47 41 41 48 49 41 49 42 42 49 50 42 50 43 43 50 51 43 51 44 44 51 52 44 52 45 45 52 53 45 53 46 46 53 54 46 54 47 47 54 48 47 48 41 55 49 48 55 50 49 55 51 50 55 52 51 55 53 52 55 54 53 55 48 54 56 57 58 56 58 59 56 59 60 56 60 61 56 61 62 56 62 63 56 63 57 57 64 65 57 65 58 58 65 66 58 66 59 59 66 67 59 67 60 60 67 68 60 68 61 61 68 69 61 69 62 62 69 70 62 70 63 63 70 64 63 64 57 71 65 64 71 66 65 71 67 66 71 68 67 71 69 68 71 70 69 71 64 70 72 73 79 72 79 78 73 74 80 73 80 79 74 75 81 74 81 80 75 76 82 75 82 81 76 77 83 76 83 82 77 72 78 77 78 83 84 85 91 84 91 90 85 86 92 85 92 91 86 87 93 86 93 92 87 88 94 87 94 93 88 89 95 88 95 94 89 84 90 89 90 95 96 97 103 96 103 102 97 98 104 97 104 103 98 99 105 98 105 104 99 100 106 99 106 105 100 101 107 100 107 106 101 96 102 101 102 107 108 109 115 108 115 114 109 110 116 109 116 115 110 111 117 110 117 116 111 112 118 111 118 117 112 113 119 112 119 118 113 108 114 113 114 119 120 121 127 120 127 126 121 122 128 121 128 127 122 123 129 122 129 128 123 124 130 123 130 129 124 125 131 124 131 130 125 120 126 125 126 131 132 133 138 132 138 137 133 134 139 133 139 138 134 135 140 134 140 139 135 136 141 135 141 140 136 132 137 136 137 141 142 143 148 142 148 147 143 144 149 143 149 148 144 145 150 144 150 149 145 146 151 145 151 150 146 142 147 146 147 151</p>
        </triangles>
      </mesh>
    </geometry>
    <geometry id="Horse_Pole_08-mesh" name="Horse_Pole_08">
      <mesh>
        <source id="Horse_Pole_08-positions">
          <float_array id="Horse_Pole_08-positions-array" count="48">0.042772 -1.975000 -0.000000 0.025829 -1.975000 -0.035182 -0.012242 -1.975000 -0.043872 -0.042772 -1.975000 -0.019525 -0.042772 -1.975000 0.019525 -0.012242 -1.975000 0.043872 0.025829 -1.975000 0.035182 0.042772 1.975000 -0.000000 0.025829 1.975000 -0.035182 -0.012242 1.975000 -0.043872 -0.042772 1.975000 -0.019525 -0.042772 1.975000 0.019525 -0.012242 1.975000 0.043872 0.025829 1.975000 0.035182 -0.002228 -1.975000 -0.000000 -0.002228 1.975000 -0.000000</float_array>
          <technique_common>
            <accessor source="#Horse_Pole_08-positions-array" count="16" stride="3">
              <param name="X" type="float" />
              <param name="Y" type="float" />
              <param name="Z" type="float" />
            </accessor>
          </technique_common>
        </source>
        <vertices id="Horse_Pole_08-vertices">
          <input semantic="POSITION" source="#Horse_Pole_08-positions" />
        </vertices>
        <triangles material="Gold" count="28">
          <input semantic="VERTEX" source="#Horse_Pole_08-vertices" offset="0" />
          <p>0 1 8 0 8 7 14 1 0 15 7 8 1 2 9 1 9 8 14 2 1 15 8 9 2 3 10 2 10 9 14 3 2 15 9 10 3 4 11 3 11 10 14 4 3 15 10 11 4 5 12 4 12 11 14 5 4 15 11 12 5 6 13 5 13 12 14 6 5 15 12 13 6 0 7 6 7 13 14 0 6 15 13 7</p>
        </triangles>
      </mesh>
    </geometry>
    <geometry id="Light_01-mesh" name="Light_01">
      <mesh>
        <source id="Light_01-positions">
          <float_array id="Light_01-positions-array" count="42">0.000000 0.110000 0.000000 0.095263 0.055000 0.000000 0.047631 0.055000 -0.082500 -0.047631 0.055000 -0.082500 -0.095263 0.055000 -0.000000 -0.047631 0.055000 0.082500 0.047631 0.055000 0.082500 0.095263 -0.055000 0.000000 0.047631 -0.055000 -0.082500 -0.047631 -0.055000 -0.082500 -0.095263 -0.055000 -0.000000 -0.047631 -0.055000 0.082500 0.047631 -0.055000 0.082500 0.000000 -0.110000 0.000000</float_array>
          <technique_common>
            <accessor source="#Light_01-positions-array" count="14" stride="3">
              <param name="X" type="float" />
              <param name="Y" type="float" />
              <param name="Z" type="float" />
            </accessor>
          </technique_common>
        </source>
        <vertices id="Light_01-vertices">
          <input semantic="POSITION" source="#Light_01-positions" />
        </vertices>
        <triangles material="Lights" count="24">
          <input semantic="VERTEX" source="#Light_01-vertices" offset="0" />
          <p>0 1 2 0 2 3 0 3 4 0 4 5 0 5 6 0 6 1 1 7 8 1 8 2 2 8 9 2 9 3 3 9 10 3 10 4 4 10 11 4 11 5 5 11 12 5 12 6 6 12 7 6 7 1 13 8 7 13 9 8 13 10 9 13 11 10 13 12 11 13 7 12</p>
        </triangles>
      </mesh>
    </geometry>
    <geometry id="Light_02-mesh" name="Light_02">
      <mesh>
        <source id="Light_02-positions">
          <float_array id="Light_02-positions-array" count="42">0.000000 0.110000 -0.000000 0.095263 0.055000 -0.000000 0.047631 0.055000 -0.082500 -0.047631 0.055000 -0.082500 -0.095263 0.055000 -0.000000 -0.047631 0.055000 0.082500 0.047631 0.055000 0.082500 0.095263 -0.055000 -0.000000 0.047631 -0.055000 -0.082500 -0.047631 -0.055000 -0.082500 -0.095263 -0.055000 -0.000000 -0.047631 -0.055000 0.082500 0.047631 -0.055000 0.082500 0.000000 -0.110000 -0.000000</float_array>
          <technique_common>
            <accessor source="#Light_02-positions-array" count="14" stride="3">
              <param name="X" type="float" />
              <param name="Y" type="float" />
              <param name="Z" type="float" />
            </accessor>
          </technique_common>
        </source>
        <vertices id="Light_02-vertices">
          <input semantic="POSITION" source="#Light_02-positions" />
        </vertices>
        <triangles material="Lights" count="24">
          <input semantic="VERTEX" source="#Light_02-vertices" offset="0" />
          <p>0 1 2 0 2 3 0 3 4 0 4 5 0 5 6 0 6 1 1 7 8 1 8 2 2 8 9 2 9 3 3 9 10 3 10 4 4 10 11 4 11 5 5 11 12 5 12 6 6 12 7 6 7 1 13 8 7 13 9 8 13 10 9 13 11 10 13 12 11 13 7 12</p>
        </triangles>
      </mesh>
    </geometry>
    <geometry id="Light_03-mesh" name="Light_03">
      <mesh>
        <source id="Light_03-positions">
          <float_array id="Light_03-positions-array" count="42">0.000000 0.110000 -0.000000 0.095263 0.055000 -0.000000 0.047631 0.055000 -0.082500 -0.047631 0.055000 -0.082500 -0.095263 0.055000 -0.000000 -0.047631 0.055000 0.082500 0.047631 0.055000 0.082500 0.095263 -0.055000 -0.000000 0.047631 -0.055000 -0.082500 -0.047631 -0.055000 -0.082500 -0.095263 -0.055000 -0.000000 -0.047631 -0.055000 0.082500 0.047631 -0.055000 0.082500 0.000000 -0.110000 -0.000000</float_array>
          <technique_common>
            <accessor source="#Light_03-positions-array" count="14" stride="3">
              <param name="X" type="float" />
              <param name="Y" type="float" />
              <param name="Z" type="float" />
            </accessor>
          </technique_common>
        </source>
        <vertices id="Light_03-vertices">
          <input semantic="POSITION" source="#Light_03-positions" />
        </vertices>
        <triangles material="Lights" count="24">
          <input semantic="VERTEX" source="#Light_03-vertices" offset="0" />
          <p>0 1 2 0 2 3 0 3 4 0 4 5 0 5 6 0 6 1 1 7 8 1 8 2 2 8 9 2 9 3 3 9 10 3 10 4 4 10 11 4 11 5 5 11 12 5 12 6 6 12 7 6 7 1 13 8 7 13 9 8 13 10 9 13 11 10 13 12 11 13 7 12</p>
        </triangles>
      </mesh>
    </geometry>
    <geometry id="Light_04-mesh" name="Light_04">
      <mesh>
        <source id="Light_04-positions">
          <float_array id="Light_04-positions-array" count="42">0.000000 0.110000 -0.000000 0.095263 0.055000 -0.000000 0.047631 0.055000 -0.082500 -0.047631 0.055000 -0.082500 -0.095263 0.055000 -0.000000 -0.047631 0.055000 0.082500 0.047631 0.055000 0.082500 0.095263 -0.055000 -0.000000 0.047631 -0.055000 -0.082500 -0.047631 -0.055000 -0.082500 -0.095263 -0.055000 -0.000000 -0.047631 -0.055000 0.082500 0.047631 -0.055000 0.082500 0.000000 -0.110000 -0.000000</float_array>
          <technique_common>
            <accessor source="#Light_04-positions-array" count="14" stride="3">
              <param name="X" type="float" />
              <param name="Y" type="float" />
              <param name="Z" type="float" />
            </accessor>
          </technique_common>
        </source>
        <vertices id="Light_04-vertices">
          <input semantic="POSITION" source="#Light_04-positions" />
        </vertices>
        <triangles material="Lights" count="24">
          <input semantic="VERTEX" source="#Light_04-vertices" offset="0" />
          <p>0 1 2 0 2 3 0 3 4 0 4 5 0 5 6 0 6 1 1 7 8 1 8 2 2 8 9 2 9 3 3 9 10 3 10 4 4 10 11 4 11 5 5 11 12 5 12 6 6 12 7 6 7 1 13 8 7 13 9 8 13 10 9 13 11 10 13 12 11 13 7 12</p>
        </triangles>
      </mesh>
    </geometry>
    <geometry id="Light_05-mesh" name="Light_05">
      <mesh>
        <source id="Light_05-positions">
          <float_array id="Light_05-positions-array" count="42">0.000000 0.110000 -0.000000 0.095263 0.055000 -0.000000 0.047631 0.055000 -0.082500 -0.047631 0.055000 -0.082500 -0.095263 0.055000 -0.000000 -0.047631 0.055000 0.082500 0.047631 0.055000 0.082500 0.095263 -0.055000 -0.000000 0.047631 -0.055000 -0.082500 -0.047631 -0.055000 -0.082500 -0.095263 -0.055000 -0.000000 -0.047631 -0.055000 0.082500 0.047631 -0.055000 0.082500 0.000000 -0.110000 -0.000000</float_array>
          <technique_common>
            <accessor source="#Light_05-positions-array" count="14" stride="3">
              <param name="X" type="float" />
              <param name="Y" type="float" />
              <param name="Z" type="float" />
            </accessor>
          </technique_common>
        </source>
        <vertices id="Light_05-vertices">
          <input semantic="POSITION" source="#Light_05-positions" />
        </vertices>
        <triangles material="Lights" count="24">
          <input semantic="VERTEX" source="#Light_05-vertices" offset="0" />
          <p>0 1 2 0 2 3 0 3 4 0 4 5 0 5 6 0 6 1 1 7 8 1 8 2 2 8 9 2 9 3 3 9 10 3 10 4 4 10 11 4 11 5 5 11 12 5 12 6 6 12 7 6 7 1 13 8 7 13 9 8 13 10 9 13 11 10 13 12 11 13 7 12</p>
        </triangles>
      </mesh>
    </geometry>
    <geometry id="Light_06-mesh" name="Light_06">
      <mesh>
        <source id="Light_06-positions">
          <float_array id="Light_06-positions-array" count="42">0.000000 0.110000 -0.000000 0.095263 0.055000 -0.000000 0.047631 0.055000 -0.082500 -0.047631 0.055000 -0.082500 -0.095263 0.055000 -0.000000 -0.047631 0.055000 0.082500 0.047631 0.055000 0.082500 0.095263 -0.055000 -0.000000 0.047631 -0.055000 -0.082500 -0.047631 -0.055000 -0.082500 -0.095263 -0.055000 -0.000000 -0.047631 -0.055000 0.082500 0.047631 -0.055000 0.082500 0.000000 -0.110000 -0.000000</float_array>
          <technique_common>
            <accessor source="#Light_06-positions-array" count="14" stride="3">
              <param name="X" type="float" />
              <param name="Y" type="float" />
              <param name="Z" type="float" />
            </accessor>
          </technique_common>
        </source>
        <vertices id="Light_06-vertices">
          <input semantic="POSITION" source="#Light_06-positions" />
        </vertices>
        <triangles material="Lights" count="24">
          <input semantic="VERTEX" source="#Light_06-vertices" offset="0" />
          <p>0 1 2 0 2 3 0 3 4 0 4 5 0 5 6 0 6 1 1 7 8 1 8 2 2 8 9 2 9 3 3 9 10 3 10 4 4 10 11 4 11 5 5 11 12 5 12 6 6 12 7 6 7 1 13 8 7 13 9 8 13 10 9 13 11 10 13 12 11 13 7 12</p>
        </triangles>
      </mesh>
    </geometry>
    <geometry id="Light_07-mesh" name="Light_07">
      <mesh>
        <source id="Light_07-positions">
          <float_array id="Light_07-positions-array" count="42">0.000000 0.110000 -0.000000 0.095263 0.055000 -0.000000 0.047631 0.055000 -0.082500 -0.047631 0.055000 -0.082500 -0.095263 0.055000 -0.000000 -0.047631 0.055000 0.082500 0.047631 0.055000 0.082500 0.095263 -0.055000 -0.000000 0.047631 -0.055000 -0.082500 -0.047631 -0.055000 -0.082500 -0.095263 -0.055000 -0.000000 -0.047631 -0.055000 0.082500 0.047631 -0.055000 0.082500 0.000000 -0.110000 -0.000000</float_array>
          <technique_common>
            <accessor source="#Light_07-positions-array" count="14" stride="3">
              <param name="X" type="float" />
              <param name="Y" type="float" />
              <param name="Z" type="float" />
            </accessor>
          </technique_common>
        </source>
        <vertices id="Light_07-vertices">
          <input semantic="POSITION" source="#Light_07-positions" />
        </vertices>
        <triangles material="Lights" count="24">
          <input semantic="VERTEX" source="#Light_07-vertices" offset="0" />
          <p>0 1 2 0 2 3 0 3 4 0 4 5 0 5 6 0 6 1 1 7 8 1 8 2 2 8 9 2 9 3 3 9 10 3 10 4 4 10 11 4 11 5 5 11 12 5 12 6 6 12 7 6 7 1 13 8 7 13 9 8 13 10 9 13 11 10 13 12 11 13 7 12</p>
        </triangles>
      </mesh>
    </geometry>
    <geometry id="Light_08-mesh" name="Light_08">
      <mesh>
        <source id="Light_08-positions">
          <float_array id="Light_08-positions-array" count="42">0.000000 0.110000 -0.000000 0.095263 0.055000 -0.000000 0.047631 0.055000 -0.082500 -0.047631 0.055000 -0.082500 -0.095263 0.055000 -0.000000 -0.047631 0.055000 0.082500 0.047631 0.055000 0.082500 0.095263 -0.055000 -0.000000 0.047631 -0.055000 -0.082500 -0.047631 -0.055000 -0.082500 -0.095263 -0.055000 -0.000000 -0.047631 -0.055000 0.082500 0.047631 -0.055000 0.082500 0.000000 -0.110000 -0.000000</float_array>
          <technique_common>
            <accessor source="#Light_08-positions-array" count="14" stride="3">
              <param name="X" type="float" />
              <param name="Y" type="float" />
              <param name="Z" type="float" />
            </accessor>
          </technique_common>
        </source>
        <vertices id="Light_08-vertices">
          <input semantic="POSITION" source="#Light_08-positions" />
        </vertices>
        <triangles material="Lights" count="24">
          <input semantic="VERTEX" source="#Light_08-vertices" offset="0" />
          <p>0 1 2 0 2 3 0 3 4 0 4 5 0 5 6 0 6 1 1 7 8 1 8 2 2 8 9 2 9 3 3 9 10 3 10 4 4 10 11 4 11 5 5 11 12 5 12 6 6 12 7 6 7 1 13 8 7 13 9 8 13 10 9 13 11 10 13 12 11 13 7 12</p>
        </triangles>
      </mesh>
    </geometry>
    <geometry id="Light_09-mesh" name="Light_09">
      <mesh>
        <source id="Light_09-positions">
          <float_array id="Light_09-positions-array" count="42">0.000000 0.110000 0.000000 0.095263 0.055000 0.000000 0.047631 0.055000 -0.082500 -0.047631 0.055000 -0.082500 -0.095263 0.055000 -0.000000 -0.047631 0.055000 0.082500 0.047631 0.055000 0.082500 0.095263 -0.055000 0.000000 0.047631 -0.055000 -0.082500 -0.047631 -0.055000 -0.082500 -0.095263 -0.055000 -0.000000 -0.047631 -0.055000 0.082500 0.047631 -0.055000 0.082500 0.000000 -0.110000 0.000000</float_array>
          <technique_common>
            <accessor source="#Light_09-positions-array" count="14" stride="3">
              <param name="X" type="float" />
              <param name="Y" type="float" />
              <param name="Z" type="float" />
            </accessor>
          </technique_common>
        </source>
        <vertices id="Light_09-vertices">
          <input semantic="POSITION" source="#Light_09-positions" />
        </vertices>
        <triangles material="Lights" count="24">
          <input semantic="VERTEX" source="#Light_09-vertices" offset="0" />
          <p>0 1 2 0 2 3 0 3 4 0 4 5 0 5 6 0 6 1 1 7 8 1 8 2 2 8 9 2 9 3 3 9 10 3 10 4 4 10 11 4 11 5 5 11 12 5 12 6 6 12 7 6 7 1 13 8 7 13 9 8 13 10 9 13 11 10 13 12 11 13 7 12</p>
        </triangles>
      </mesh>
    </geometry>
    <geometry id="Light_10-mesh" name="Light_10">
      <mesh>
        <source id="Light_10-positions">
          <float_array id="Light_10-positions-array" count="42">0.000000 0.110000 -0.000000 0.095263 0.055000 -0.000000 0.047631 0.055000 -0.082500 -0.047631 0.055000 -0.082500 -0.095263 0.055000 -0.000000 -0.047631 0.055000 0.082500 0.047631 0.055000 0.082500 0.095263 -0.055000 -0.000000 0.047631 -0.055000 -0.082500 -0.047631 -0.055000 -0.082500 -0.095263 -0.055000 -0.000000 -0.047631 -0.055000 0.082500 0.047631 -0.055000 0.082500 0.000000 -0.110000 -0.000000</float_array>
          <technique_common>
            <accessor source="#Light_10-positions-array" count="14" stride="3">
              <param name="X" type="float" />
              <param name="Y" type="float" />
              <param name="Z" type="float" />
            </accessor>
          </technique_common>
        </source>
        <vertices id="Light_10-vertices">
          <input semantic="POSITION" source="#Light_10-positions" />
        </vertices>
        <triangles material="Lights" count="24">
          <input semantic="VERTEX" source="#Light_10-vertices" offset="0" />
          <p>0 1 2 0 2 3 0 3 4 0 4 5 0 5 6 0 6 1 1 7 8 1 8 2 2 8 9 2 9 3 3 9 10 3 10 4 4 10 11 4 11 5 5 11 12 5 12 6 6 12 7 6 7 1 13 8 7 13 9 8 13 10 9 13 11 10 13 12 11 13 7 12</p>
        </triangles>
      </mesh>
    </geometry>
    <geometry id="Light_11-mesh" name="Light_11">
      <mesh>
        <source id="Light_11-positions">
          <float_array id="Light_11-positions-array" count="42">0.000000 0.110000 -0.000000 0.095263 0.055000 -0.000000 0.047631 0.055000 -0.082500 -0.047631 0.055000 -0.082500 -0.095263 0.055000 -0.000000 -0.047631 0.055000 0.082500 0.047631 0.055000 0.082500 0.095263 -0.055000 -0.000000 0.047631 -0.055000 -0.082500 -0.047631 -0.055000 -0.082500 -0.095263 -0.055000 -0.000000 -0.047631 -0.055000 0.082500 0.047631 -0.055000 0.082500 0.000000 -0.110000 -0.000000</float_array>
          <technique_common>
            <accessor source="#Light_11-positions-array" count="14" stride="3">
              <param name="X" type="float" />
              <param name="Y" type="float" />
              <param name="Z" type="float" />
            </accessor>
          </technique_common>
        </source>
        <vertices id="Light_11-vertices">
          <input semantic="POSITION" source="#Light_11-positions" />
        </vertices>
        <triangles material="Lights" count="24">
          <input semantic="VERTEX" source="#Light_11-vertices" offset="0" />
          <p>0 1 2 0 2 3 0 3 4 0 4 5 0 5 6 0 6 1 1 7 8 1 8 2 2 8 9 2 9 3 3 9 10 3 10 4 4 10 11 4 11 5 5 11 12 5 12 6 6 12 7 6 7 1 13 8 7 13 9 8 13 10 9 13 11 10 13 12 11 13 7 12</p>
        </triangles>
      </mesh>
    </geometry>
    <geometry id="Light_12-mesh" name="Light_12">
      <mesh>
        <source id="Light_12-positions">
          <float_array id="Light_12-positions-array" count="42">0.000000 0.110000 -0.000000 0.095263 0.055000 -0.000000 0.047631 0.055000 -0.082500 -0.047631 0.055000 -0.082500 -0.095263 0.055000 -0.000000 -0.047631 0.055000 0.082500 0.047631 0.055000 0.082500 0.095263 -0.055000 -0.000000 0.047631 -0.055000 -0.082500 -0.047631 -0.055000 -0.082500 -0.095263 -0.055000 -0.000000 -0.047631 -0.055000 0.082500 0.047631 -0.055000 0.082500 0.000000 -0.110000 -0.000000</float_array>
          <technique_common>
            <accessor source="#Light_12-positions-array" count="14" stride="3">
              <param name="X" type="float" />
              <param name="Y" type="float" />
              <param name="Z" type="float" />
            </accessor>
          </technique_common>
        </source>
        <vertices id="Light_12-vertices">
          <input semantic="POSITION" source="#Light_12-positions" />
        </vertices>
        <triangles material="Lights" count="24">
          <input semantic="VERTEX" source="#Light_12-vertices" offset="0" />
          <p>0 1 2 0 2 3 0 3 4 0 4 5 0 5 6 0 6 1 1 7 8 1 8 2 2 8 9 2 9 3 3 9 10 3 10 4 4 10 11 4 11 5 5 11 12 5 12 6 6 12 7 6 7 1 13 8 7 13 9 8 13 10 9 13 11 10 13 12 11 13 7 12</p>
        </triangles>
      </mesh>
    </geometry>
    <geometry id="Light_13-mesh" name="Light_13">
      <mesh>
        <source id="Light_13-positions">
          <float_array id="Light_13-positions-array" count="42">-0.000000 0.110000 -0.000000 0.095263 0.055000 -0.000000 0.047631 0.055000 -0.082500 -0.047631 0.055000 -0.082500 -0.095263 0.055000 -0.000000 -0.047631 0.055000 0.082500 0.047631 0.055000 0.082500 0.095263 -0.055000 -0.000000 0.047631 -0.055000 -0.082500 -0.047631 -0.055000 -0.082500 -0.095263 -0.055000 -0.000000 -0.047631 -0.055000 0.082500 0.047631 -0.055000 0.082500 -0.000000 -0.110000 -0.000000</float_array>
          <technique_common>
            <accessor source="#Light_13-positions-array" count="14" stride="3">
              <param name="X" type="float" />
              <param name="Y" type="float" />
              <param name="Z" type="float" />
            </accessor>
          </technique_common>
        </source>
        <vertices id="Light_13-vertices">
          <input semantic="POSITION" source="#Light_13-positions" />
        </vertices>
        <triangles material="Lights" count="24">
          <input semantic="VERTEX" source="#Light_13-vertices" offset="0" />
          <p>0 1 2 0 2 3 0 3 4 0 4 5 0 5 6 0 6 1 1 7 8 1 8 2 2 8 9 2 9 3 3 9 10 3 10 4 4 10 11 4 11 5 5 11 12 5 12 6 6 12 7 6 7 1 13 8 7 13 9 8 13 10 9 13 11 10 13 12 11 13 7 12</p>
        </triangles>
      </mesh>
    </geometry>
    <geometry id="Light_14-mesh" name="Light_14">
      <mesh>
        <source id="Light_14-positions">
          <float_array id="Light_14-positions-array" count="42">0.000000 0.110000 -0.000000 0.095263 0.055000 -0.000000 0.047631 0.055000 -0.082500 -0.047631 0.055000 -0.082500 -0.095263 0.055000 -0.000000 -0.047631 0.055000 0.082500 0.047631 0.055000 0.082500 0.095263 -0.055000 -0.000000 0.047631 -0.055000 -0.082500 -0.047631 -0.055000 -0.082500 -0.095263 -0.055000 -0.000000 -0.047631 -0.055000 0.082500 0.047631 -0.055000 0.082500 0.000000 -0.110000 -0.000000</float_array>
          <technique_common>
            <accessor source="#Light_14-positions-array" count="14" stride="3">
              <param name="X" type="float" />
              <param name="Y" type="float" />
              <param name="Z" type="float" />
            </accessor>
          </technique_common>
        </source>
        <vertices id="Light_14-vertices">
          <input semantic="POSITION" source="#Light_14-positions" />
        </vertices>
        <triangles material="Lights" count="24">
          <input semantic="VERTEX" source="#Light_14-vertices" offset="0" />
          <p>0 1 2 0 2 3 0 3 4 0 4 5 0 5 6 0 6 1 1 7 8 1 8 2 2 8 9 2 9 3 3 9 10 3 10 4 4 10 11 4 11 5 5 11 12 5 12 6 6 12 7 6 7 1 13 8 7 13 9 8 13 10 9 13 11 10 13 12 11 13 7 12</p>
        </triangles>
      </mesh>
    </geometry>
    <geometry id="Light_15-mesh" name="Light_15">
      <mesh>
        <source id="Light_15-positions">
          <float_array id="Light_15-positions-array" count="42">0.000000 0.110000 -0.000000 0.095263 0.055000 -0.000000 0.047631 0.055000 -0.082500 -0.047631 0.055000 -0.082500 -0.095263 0.055000 -0.000000 -0.047631 0.055000 0.082500 0.047631 0.055000 0.082500 0.095263 -0.055000 -0.000000 0.047631 -0.055000 -0.082500 -0.047631 -0.055000 -0.082500 -0.095263 -0.055000 -0.000000 -0.047631 -0.055000 0.082500 0.047631 -0.055000 0.082500 0.000000 -0.110000 -0.000000</float_array>
          <technique_common>
            <accessor source="#Light_15-positions-array" count="14" stride="3">
              <param name="X" type="float" />
              <param name="Y" type="float" />
              <param name="Z" type="float" />
            </accessor>
          </technique_common>
        </source>
        <vertices id="Light_15-vertices">
          <input semantic="POSITION" source="#Light_15-positions" />
        </vertices>
        <triangles material="Lights" count="24">
          <input semantic="VERTEX" source="#Light_15-vertices" offset="0" />
          <p>0 1 2 0 2 3 0 3 4 0 4 5 0 5 6 0 6 1 1 7 8 1 8 2 2 8 9 2 9 3 3 9 10 3 10 4 4 10 11 4 11 5 5 11 12 5 12 6 6 12 7 6 7 1 13 8 7 13 9 8 13 10 9 13 11 10 13 12 11 13 7 12</p>
        </triangles>
      </mesh>
    </geometry>
    <geometry id="Light_16-mesh" name="Light_16">
      <mesh>
        <source id="Light_16-positions">
          <float_array id="Light_16-positions-array" count="42">0.000000 0.110000 -0.000000 0.095263 0.055000 -0.000000 0.047631 0.055000 -0.082500 -0.047631 0.055000 -0.082500 -0.095263 0.055000 -0.000000 -0.047631 0.055000 0.082500 0.047631 0.055000 0.082500 0.095263 -0.055000 -0.000000 0.047631 -0.055000 -0.082500 -0.047631 -0.055000 -0.082500 -0.095263 -0.055000 -0.000000 -0.047631 -0.055000 0.082500 0.047631 -0.055000 0.082500 0.000000 -0.110000 -0.000000</float_array>
          <technique_common>
            <accessor source="#Light_16-positions-array" count="14" stride="3">
              <param name="X" type="float" />
              <param name="Y" type="float" />
              <param name="Z" type="float" />
            </accessor>
          </technique_common>
        </source>
        <vertices id="Light_16-vertices">
          <input semantic="POSITION" source="#Light_16-positions" />
        </vertices>
        <triangles material="Lights" count="24">
          <input semantic="VERTEX" source="#Light_16-vertices" offset="0" />
          <p>0 1 2 0 2 3 0 3 4 0 4 5 0 5 6 0 6 1 1 7 8 1 8 2 2 8 9 2 9 3 3 9 10 3 10 4 4 10 11 4 11 5 5 11 12 5 12 6 6 12 7 6 7 1 13 8 7 13 9 8 13 10 9 13 11 10 13 12 11 13 7 12</p>
        </triangles>
      </mesh>
    </geometry>
  </library_geometries>
  <library_visual_scenes>
    <visual_scene id="MerryGoRoundScene" name="MerryGoRoundScene">
      <node id="LowPolyMerryGoRound" name="LowPolyMerryGoRound" type="NODE">
        <node id="Carousel_Body" name="Carousel_Body" type="NODE">
          <translate>0.000000 3.112500 -0.000000</translate>
          <instance_geometry url="#Carousel_Body-mesh">
            <bind_material>
              <technique_common>
                <instance_material symbol="Carousel_Body_Texture" target="#Carousel_Body_Texture-material" />
              </technique_common>
            </bind_material>
          </instance_geometry>
        </node>
        <node id="Horse_01" name="Horse_01" type="NODE">
          <translate>2.450000 1.965580 -0.145388</translate>
          <instance_geometry url="#Horse_01-mesh">
            <bind_material>
              <technique_common>
                <instance_material symbol="Horse_White" target="#Horse_White-material" />
              </technique_common>
            </bind_material>
          </instance_geometry>
        </node>
        <node id="Horse_Pole_01" name="Horse_Pole_01" type="NODE">
          <translate>2.452228 2.550000 -0.000000</translate>
          <instance_geometry url="#Horse_Pole_01-mesh">
            <bind_material>
              <technique_common>
                <instance_material symbol="Gold" target="#Gold-material" />
              </technique_common>
            </bind_material>
          </instance_geometry>
        </node>
        <node id="Horse_02" name="Horse_02" type="NODE">
          <translate>1.631078 1.965580 -1.833745</translate>
          <instance_geometry url="#Horse_02-mesh">
            <bind_material>
              <technique_common>
                <instance_material symbol="Horse_Tan" target="#Horse_Tan-material" />
              </technique_common>
            </bind_material>
          </instance_geometry>
        </node>
        <node id="Horse_Pole_02" name="Horse_Pole_02" type="NODE">
          <translate>1.734640 2.550000 -1.732412</translate>
          <instance_geometry url="#Horse_Pole_02-mesh">
            <bind_material>
              <technique_common>
                <instance_material symbol="Gold" target="#Gold-material" />
              </technique_common>
            </bind_material>
          </instance_geometry>
        </node>
        <node id="Horse_03" name="Horse_03" type="NODE">
          <translate>-0.145388 1.965580 -2.450000</translate>
          <instance_geometry url="#Horse_03-mesh">
            <bind_material>
              <technique_common>
                <instance_material symbol="Horse_White" target="#Horse_White-material" />
              </technique_common>
            </bind_material>
          </instance_geometry>
        </node>
        <node id="Horse_Pole_03" name="Horse_Pole_03" type="NODE">
          <translate>0.002228 2.550000 -2.450000</translate>
          <instance_geometry url="#Horse_Pole_03-mesh">
            <bind_material>
              <technique_common>
                <instance_material symbol="Gold" target="#Gold-material" />
              </technique_common>
            </bind_material>
          </instance_geometry>
        </node>
        <node id="Horse_04" name="Horse_04" type="NODE">
          <translate>-1.833745 1.965580 -1.631078</translate>
          <instance_geometry url="#Horse_04-mesh">
            <bind_material>
              <technique_common>
                <instance_material symbol="Horse_Tan" target="#Horse_Tan-material" />
              </technique_common>
            </bind_material>
          </instance_geometry>
        </node>
        <node id="Horse_Pole_04" name="Horse_Pole_04" type="NODE">
          <translate>-1.730183 2.550000 -1.732412</translate>
          <instance_geometry url="#Horse_Pole_04-mesh">
            <bind_material>
              <technique_common>
                <instance_material symbol="Gold" target="#Gold-material" />
              </technique_common>
            </bind_material>
          </instance_geometry>
        </node>
        <node id="Horse_05" name="Horse_05" type="NODE">
          <translate>-2.450000 1.965580 0.145388</translate>
          <instance_geometry url="#Horse_05-mesh">
            <bind_material>
              <technique_common>
                <instance_material symbol="Horse_White" target="#Horse_White-material" />
              </technique_common>
            </bind_material>
          </instance_geometry>
        </node>
        <node id="Horse_Pole_05" name="Horse_Pole_05" type="NODE">
          <translate>-2.447772 2.550000 -0.000000</translate>
          <instance_geometry url="#Horse_Pole_05-mesh">
            <bind_material>
              <technique_common>
                <instance_material symbol="Gold" target="#Gold-material" />
              </technique_common>
            </bind_material>
          </instance_geometry>
        </node>
        <node id="Horse_06" name="Horse_06" type="NODE">
          <translate>-1.631078 1.965580 1.833745</translate>
          <instance_geometry url="#Horse_06-mesh">
            <bind_material>
              <technique_common>
                <instance_material symbol="Horse_Tan" target="#Horse_Tan-material" />
              </technique_common>
            </bind_material>
          </instance_geometry>
        </node>
        <node id="Horse_Pole_06" name="Horse_Pole_06" type="NODE">
          <translate>-1.730183 2.550000 1.732412</translate>
          <instance_geometry url="#Horse_Pole_06-mesh">
            <bind_material>
              <technique_common>
                <instance_material symbol="Gold" target="#Gold-material" />
              </technique_common>
            </bind_material>
          </instance_geometry>
        </node>
        <node id="Horse_07" name="Horse_07" type="NODE">
          <translate>0.145388 1.965580 2.450000</translate>
          <instance_geometry url="#Horse_07-mesh">
            <bind_material>
              <technique_common>
                <instance_material symbol="Horse_White" target="#Horse_White-material" />
              </technique_common>
            </bind_material>
          </instance_geometry>
        </node>
        <node id="Horse_Pole_07" name="Horse_Pole_07" type="NODE">
          <translate>0.002228 2.550000 2.450000</translate>
          <instance_geometry url="#Horse_Pole_07-mesh">
            <bind_material>
              <technique_common>
                <instance_material symbol="Gold" target="#Gold-material" />
              </technique_common>
            </bind_material>
          </instance_geometry>
        </node>
        <node id="Horse_08" name="Horse_08" type="NODE">
          <translate>1.833745 1.965580 1.631078</translate>
          <instance_geometry url="#Horse_08-mesh">
            <bind_material>
              <technique_common>
                <instance_material symbol="Horse_Tan" target="#Horse_Tan-material" />
              </technique_common>
            </bind_material>
          </instance_geometry>
        </node>
        <node id="Horse_Pole_08" name="Horse_Pole_08" type="NODE">
          <translate>1.734640 2.550000 1.732412</translate>
          <instance_geometry url="#Horse_Pole_08-mesh">
            <bind_material>
              <technique_common>
                <instance_material symbol="Gold" target="#Gold-material" />
              </technique_common>
            </bind_material>
          </instance_geometry>
        </node>
        <node id="Light_01" name="Light_01" type="NODE">
          <translate>3.200000 4.250000 -0.000000</translate>
          <instance_geometry url="#Light_01-mesh">
            <bind_material>
              <technique_common>
                <instance_material symbol="Lights" target="#Lights-material" />
              </technique_common>
            </bind_material>
          </instance_geometry>
        </node>
        <node id="Light_02" name="Light_02" type="NODE">
          <translate>2.956415 4.250000 -1.224587</translate>
          <instance_geometry url="#Light_02-mesh">
            <bind_material>
              <technique_common>
                <instance_material symbol="Lights" target="#Lights-material" />
              </technique_common>
            </bind_material>
          </instance_geometry>
        </node>
        <node id="Light_03" name="Light_03" type="NODE">
          <translate>2.262742 4.250000 -2.262742</translate>
          <instance_geometry url="#Light_03-mesh">
            <bind_material>
              <technique_common>
                <instance_material symbol="Lights" target="#Lights-material" />
              </technique_common>
            </bind_material>
          </instance_geometry>
        </node>
        <node id="Light_04" name="Light_04" type="NODE">
          <translate>1.224587 4.250000 -2.956415</translate>
          <instance_geometry url="#Light_04-mesh">
            <bind_material>
              <technique_common>
                <instance_material symbol="Lights" target="#Lights-material" />
              </technique_common>
            </bind_material>
          </instance_geometry>
        </node>
        <node id="Light_05" name="Light_05" type="NODE">
          <translate>0.000000 4.250000 -3.200000</translate>
          <instance_geometry url="#Light_05-mesh">
            <bind_material>
              <technique_common>
                <instance_material symbol="Lights" target="#Lights-material" />
              </technique_common>
            </bind_material>
          </instance_geometry>
        </node>
        <node id="Light_06" name="Light_06" type="NODE">
          <translate>-1.224587 4.250000 -2.956415</translate>
          <instance_geometry url="#Light_06-mesh">
            <bind_material>
              <technique_common>
                <instance_material symbol="Lights" target="#Lights-material" />
              </technique_common>
            </bind_material>
          </instance_geometry>
        </node>
        <node id="Light_07" name="Light_07" type="NODE">
          <translate>-2.262742 4.250000 -2.262742</translate>
          <instance_geometry url="#Light_07-mesh">
            <bind_material>
              <technique_common>
                <instance_material symbol="Lights" target="#Lights-material" />
              </technique_common>
            </bind_material>
          </instance_geometry>
        </node>
        <node id="Light_08" name="Light_08" type="NODE">
          <translate>-2.956415 4.250000 -1.224587</translate>
          <instance_geometry url="#Light_08-mesh">
            <bind_material>
              <technique_common>
                <instance_material symbol="Lights" target="#Lights-material" />
              </technique_common>
            </bind_material>
          </instance_geometry>
        </node>
        <node id="Light_09" name="Light_09" type="NODE">
          <translate>-3.200000 4.250000 -0.000000</translate>
          <instance_geometry url="#Light_09-mesh">
            <bind_material>
              <technique_common>
                <instance_material symbol="Lights" target="#Lights-material" />
              </technique_common>
            </bind_material>
          </instance_geometry>
        </node>
        <node id="Light_10" name="Light_10" type="NODE">
          <translate>-2.956415 4.250000 1.224587</translate>
          <instance_geometry url="#Light_10-mesh">
            <bind_material>
              <technique_common>
                <instance_material symbol="Lights" target="#Lights-material" />
              </technique_common>
            </bind_material>
          </instance_geometry>
        </node>
        <node id="Light_11" name="Light_11" type="NODE">
          <translate>-2.262742 4.250000 2.262742</translate>
          <instance_geometry url="#Light_11-mesh">
            <bind_material>
              <technique_common>
                <instance_material symbol="Lights" target="#Lights-material" />
              </technique_common>
            </bind_material>
          </instance_geometry>
        </node>
        <node id="Light_12" name="Light_12" type="NODE">
          <translate>-1.224587 4.250000 2.956415</translate>
          <instance_geometry url="#Light_12-mesh">
            <bind_material>
              <technique_common>
                <instance_material symbol="Lights" target="#Lights-material" />
              </technique_common>
            </bind_material>
          </instance_geometry>
        </node>
        <node id="Light_13" name="Light_13" type="NODE">
          <translate>-0.000000 4.250000 3.200000</translate>
          <instance_geometry url="#Light_13-mesh">
            <bind_material>
              <technique_common>
                <instance_material symbol="Lights" target="#Lights-material" />
              </technique_common>
            </bind_material>
          </instance_geometry>
        </node>
        <node id="Light_14" name="Light_14" type="NODE">
          <translate>1.224587 4.250000 2.956415</translate>
          <instance_geometry url="#Light_14-mesh">
            <bind_material>
              <technique_common>
                <instance_material symbol="Lights" target="#Lights-material" />
              </technique_common>
            </bind_material>
          </instance_geometry>
        </node>
        <node id="Light_15" name="Light_15" type="NODE">
          <translate>2.262742 4.250000 2.262742</translate>
          <instance_geometry url="#Light_15-mesh">
            <bind_material>
              <technique_common>
                <instance_material symbol="Lights" target="#Lights-material" />
              </technique_common>
            </bind_material>
          </instance_geometry>
        </node>
        <node id="Light_16" name="Light_16" type="NODE">
          <translate>2.956415 4.250000 1.224587</translate>
          <instance_geometry url="#Light_16-mesh">
            <bind_material>
              <technique_common>
                <instance_material symbol="Lights" target="#Lights-material" />
              </technique_common>
            </bind_material>
          </instance_geometry>
        </node>
      </node>
    </visual_scene>
  </library_visual_scenes>
  <scene>
    <instance_visual_scene url="#MerryGoRoundScene" />
  </scene>
</COLLADA>