<?xml version='1.0' encoding='utf-8'?>
<COLLADA xmlns="http://www.collada.org/2005/11/COLLADASchema" version="1.4.1">
  <asset>
    <unit name="meter" meter="1" />
    <up_axis>Y_UP</up_axis>
  </asset>
  <library_effects>
    <effect id="Paint_Red-effect">
      <profile_COMMON>
        <technique sid="common">
          <lambert>
            <diffuse>
              <color>0.55 0.035 0.045 1</color>
            </diffuse>
          </lambert>
        </technique>
      </profile_COMMON>
    </effect>
    <effect id="Paint_Cream-effect">
      <profile_COMMON>
        <technique sid="common">
          <lambert>
            <diffuse>
              <color>0.92 0.78 0.53 1</color>
            </diffuse>
          </lambert>
        </technique>
      </profile_COMMON>
    </effect>
    <effect id="Paint_Dark-effect">
      <profile_COMMON>
        <technique sid="common">
          <lambert>
            <diffuse>
              <color>0.06 0.08 0.11 1</color>
            </diffuse>
          </lambert>
        </technique>
      </profile_COMMON>
    </effect>
    <effect id="Gold-effect">
      <profile_COMMON>
        <technique sid="common">
          <lambert>
            <diffuse>
              <color>0.82 0.55 0.10 1</color>
            </diffuse>
          </lambert>
        </technique>
      </profile_COMMON>
    </effect>
    <effect id="Horse_White-effect">
      <profile_COMMON>
        <technique sid="common">
          <lambert>
            <diffuse>
              <color>0.82 0.82 0.74 1</color>
            </diffuse>
          </lambert>
        </technique>
      </profile_COMMON>
    </effect>
    <effect id="Horse_Tan-effect">
      <profile_COMMON>
        <technique sid="common">
          <lambert>
            <diffuse>
              <color>0.52 0.25 0.10 1</color>
            </diffuse>
          </lambert>
        </technique>
      </profile_COMMON>
    </effect>
    <effect id="Lights-effect">
      <profile_COMMON>
        <technique sid="common">
          <lambert>
            <diffuse>
              <color>1 0.73 0.16 1</color>
            </diffuse>
          </lambert>
        </technique>
      </profile_COMMON>
    </effect>
  </library_effects>
  <library_materials>
    <material id="Paint_Red-material" name="Paint_Red">
      <instance_effect url="#Paint_Red-effect" />
    </material>
    <material id="Paint_Cream-material" name="Paint_Cream">
      <instance_effect url="#Paint_Cream-effect" />
    </material>
    <material id="Paint_Dark-material" name="Paint_Dark">
      <instance_effect url="#Paint_Dark-effect" />
    </material>
    <material id="Gold-material" name="Gold">
      <instance_effect url="#Gold-effect" />
    </material>
    <material id="Horse_White-material" name="Horse_White">
      <instance_effect url="#Horse_White-effect" />
    </material>
    <material id="Horse_Tan-material" name="Horse_Tan">
      <instance_effect url="#Horse_Tan-effect" />
    </material>
    <material id="Lights-material" name="Lights">
      <instance_effect url="#Lights-effect" />
    </material>
  </library_materials>
  <library_geometries>
    <geometry id="Base_Foot-mesh" name="Base_Foot">
      <mesh>
        <source id="Base_Foot-positions">
          <float_array id="Base_Foot-positions-array" count="102">3.450000 -0.140000 -0.000000 3.187384 -0.140000 -1.320258 2.439518 -0.140000 -2.439518 1.320258 -0.140000 -3.187384 0.000000 -0.140000 -3.450000 -1.320258 -0.140000 -3.187384 -2.439518 -0.140000 -2.439518 -3.187384 -0.140000 -1.320258 -3.450000 -0.140000 -0.000000 -3.187384 -0.140000 1.320258 -2.439518 -0.140000 2.439518 -1.320258 -0.140000 3.187384 -0.000000 -0.140000 3.450000 1.320258 -0.140000 3.187384 2.439518 -0.140000 2.439518 3.187384 -0.140000 1.320258 3.450000 0.140000 -0.000000 3.187384 0.140000 -1.320258 2.439518 0.140000 -2.439518 1.320258 0.140000 -3.187384 0.000000 0.140000 -3.450000 -1.320258 0.140000 -3.187384 -2.439518 0.140000 -2.439518 -3.187384 0.140000 -1.320258 -3.450000 0.140000 -0.000000 -3.187384 0.140000 1.320258 -2.439518 0.140000 2.439518 -1.320258 0.140000 3.187384 -0.000000 0.140000 3.450000 1.320258 0.140000 3.187384 2.439518 0.140000 2.439518 3.187384 0.140000 1.320258 0.000000 -0.140000 -0.000000 0.000000 0.140000 -0.000000</float_array>
          <technique_common>
            <accessor source="#Base_Foot-positions-array" count="34" stride="3">
              <param name="X" type="float" />
              <param name="Y" type="float" />
              <param name="Z" type="float" />
            </accessor>
          </technique_common>
        </source>
        <vertices id="Base_Foot-vertices">
          <input semantic="POSITION" source="#Base_Foot-positions" />
        </vertices>
        <triangles material="Paint_Dark" count="64">
          <input semantic="VERTEX" source="#Base_Foot-vertices" offset="0" />
          <p>0 1 17 0 17 16 32 1 0 33 16 17 1 2 18 1 18 17 32 2 1 33 17 18 2 3 19 2 19 18 32 3 2 33 18 19 3 4 20 3 20 19 32 4 3 33 19 20 4 5 21 4 21 20 32 5 4 33 20 21 5 6 22 5 22 21 32 6 5 33 21 22 6 7 23 6 23 22 32 7 6 33 22 23 7 8 24 7 24 23 32 8 7 33 23 24 8 9 25 8 25 24 32 9 8 33 24 25 9 10 26 9 26 25 32 10 9 33 25 26 10 11 27 10 27 26 32 11 10 33 26 27 11 12 28 11 28 27 32 12 11 33 27 28 12 13 29 12 29 28 32 13 12 33 28 29 13 14 30 13 30 29 32 14 13 33 29 30 14 15 31 14 31 30 32 15 14 33 30 31 15 0 16 15 16 31 32 0 15 33 31 16</p>
        </triangles>
      </mesh>
    </geometry>
    <geometry id="Platform-mesh" name="Platform">
      <mesh>
        <source id="Platform-positions">
          <float_array id="Platform-positions-array" count="102">3.250000 -0.160000 -0.000000 3.002608 -0.160000 -1.243721 2.298097 -0.160000 -2.298097 1.243721 -0.160000 -3.002608 0.000000 -0.160000 -3.250000 -1.243721 -0.160000 -3.002608 -2.298097 -0.160000 -2.298097 -3.002608 -0.160000 -1.243721 -3.250000 -0.160000 -0.000000 -3.002608 -0.160000 1.243721 -2.298097 -0.160000 2.298097 -1.243721 -0.160000 3.002608 -0.000000 -0.160000 3.250000 1.243721 -0.160000 3.002608 2.298097 -0.160000 2.298097 3.002608 -0.160000 1.243721 3.250000 0.160000 -0.000000 3.002608 0.160000 -1.243721 2.298097 0.160000 -2.298097 1.243721 0.160000 -3.002608 0.000000 0.160000 -3.250000 -1.243721 0.160000 -3.002608 -2.298097 0.160000 -2.298097 -3.002608 0.160000 -1.243721 -3.250000 0.160000 -0.000000 -3.002608 0.160000 1.243721 -2.298097 0.160000 2.298097 -1.243721 0.160000 3.002608 -0.000000 0.160000 3.250000 1.243721 0.160000 3.002608 2.298097 0.160000 2.298097 3.002608 0.160000 1.243721 0.000000 -0.160000 -0.000000 0.000000 0.160000 -0.000000</float_array>
          <technique_common>
            <accessor source="#Platform-positions-array" count="34" stride="3">
              <param name="X" type="float" />
              <param name="Y" type="float" />
              <param name="Z" type="float" />
            </accessor>
          </technique_common>
        </source>
        <vertices id="Platform-vertices">
          <input semantic="POSITION" source="#Platform-positions" />
        </vertices>
        <triangles material="Paint_Red" count="64">
          <input semantic="VERTEX" source="#Platform-vertices" offset="0" />
          <p>0 1 17 0 17 16 32 1 0 33 16 17 1 2 18 1 18 17 32 2 1 33 17 18 2 3 19 2 19 18 32 3 2 33 18 19 3 4 20 3 20 19 32 4 3 33 19 20 4 5 21 4 21 20 32 5 4 33 20 21 5 6 22 5 22 21 32 6 5 33 21 22 6 7 23 6 23 22 32 7 6 33 22 23 7 8 24 7 24 23 32 8 7 33 23 24 8 9 25 8 25 24 32 9 8 33 24 25 9 10 26 9 26 25 32 10 9 33 25 26 10 11 27 10 27 26 32 11 10 33 26 27 11 12 28 11 28 27 32 12 11 33 27 28 12 13 29 12 29 28 32 13 12 33 28 29 13 14 30 13 30 29 32 14 13 33 29 30 14 15 31 14 31 30 32 15 14 33 30 31 15 0 16 15 16 31 32 0 15 33 31 16</p>
        </triangles>
      </mesh>
    </geometry>
    <geometry id="Platform_Trim-mesh" name="Platform_Trim">
      <mesh>
        <source id="Platform_Trim-positions">
          <float_array id="Platform_Trim-positions-array" count="102">3.380000 -0.060000 -0.000000 3.122713 -0.060000 -1.293470 2.390021 -0.060000 -2.390021 1.293470 -0.060000 -3.122713 0.000000 -0.060000 -3.380000 -1.293470 -0.060000 -3.122713 -2.390021 -0.060000 -2.390021 -3.122713 -0.060000 -1.293470 -3.380000 -0.060000 -0.000000 -3.122713 -0.060000 1.293470 -2.390021 -0.060000 2.390021 -1.293470 -0.060000 3.122713 -0.000000 -0.060000 3.380000 1.293470 -0.060000 3.122713 2.390021 -0.060000 2.390021 3.122713 -0.060000 1.293470 3.380000 0.060000 -0.000000 3.122713 0.060000 -1.293470 2.390021 0.060000 -2.390021 1.293470 0.060000 -3.122713 0.000000 0.060000 -3.380000 -1.293470 0.060000 -3.122713 -2.390021 0.060000 -2.390021 -3.122713 0.060000 -1.293470 -3.380000 0.060000 -0.000000 -3.122713 0.060000 1.293470 -2.390021 0.060000 2.390021 -1.293470 0.060000 3.122713 -0.000000 0.060000 3.380000 1.293470 0.060000 3.122713 2.390021 0.060000 2.390021 3.122713 0.060000 1.293470 0.000000 -0.060000 -0.000000 0.000000 0.060000 -0.000000</float_array>
          <technique_common>
            <accessor source="#Platform_Trim-positions-array" count="34" stride="3">
              <param name="X" type="float" />
              <param name="Y" type="float" />
              <param name="Z" type="float" />
            </accessor>
          </technique_common>
        </source>
        <vertices id="Platform_Trim-vertices">
          <input semantic="POSITION" source="#Platform_Trim-positions" />
        </vertices>
        <triangles material="Gold" count="64">
          <input semantic="VERTEX" source="#Platform_Trim-vertices" offset="0" />
          <p>0 1 17 0 17 16 32 1 0 33 16 17 1 2 18 1 18 17 32 2 1 33 17 18 2 3 19 2 19 18 32 3 2 33 18 19 3 4 20 3 20 19 32 4 3 33 19 20 4 5 21 4 21 20 32 5 4 33 20 21 5 6 22 5 22 21 32 6 5 33 21 22 6 7 23 6 23 22 32 7 6 33 22 23 7 8 24 7 24 23 32 8 7 33 23 24 8 9 25 8 25 24 32 9 8 33 24 25 9 10 26 9 26 25 32 10 9 33 25 26 10 11 27 10 27 26 32 11 10 33 26 27 11 12 28 11 28 27 32 12 11 33 27 28 12 13 29 12 29 28 32 13 12 33 28 29 13 14 30 13 30 29 32 14 13 33 29 30 14 15 31 14 31 30 32 15 14 33 30 31 15 0 16 15 16 31 32 0 15 33 31 16</p>
        </triangles>
      </mesh>
    </geometry>
    <geometry id="Center_Column-mesh" name="Center_Column">
      <mesh>
        <source id="Center_Column-positions">
          <float_array id="Center_Column-positions-array" count="78">0.380000 -2.075000 -0.000000 0.329090 -2.075000 -0.190000 0.190000 -2.075000 -0.329090 0.000000 -2.075000 -0.380000 -0.190000 -2.075000 -0.329090 -0.329090 -2.075000 -0.190000 -0.380000 -2.075000 -0.000000 -0.329090 -2.075000 0.190000 -0.190000 -2.075000 0.329090 -0.000000 -2.075000 0.380000 0.190000 -2.075000 0.329090 0.329090 -2.075000 0.190000 0.380000 2.075000 -0.000000 0.329090 2.075000 -0.190000 0.190000 2.075000 -0.329090 0.000000 2.075000 -0.380000 -0.190000 2.075000 -0.329090 -0.329090 2.075000 -0.190000 -0.380000 2.075000 -0.000000 -0.329090 2.075000 0.190000 -0.190000 2.075000 0.329090 -0.000000 2.075000 0.380000 0.190000 2.075000 0.329090 0.329090 2.075000 0.190000 0.000000 -2.075000 -0.000000 0.000000 2.075000 -0.000000</float_array>
          <technique_common>
            <accessor source="#Center_Column-positions-array" count="26" stride="3">
              <param name="X" type="float" />
              <param name="Y" type="float" />
              <param name="Z" type="float" />
            </accessor>
          </technique_common>
        </source>
        <vertices id="Center_Column-vertices">
          <input semantic="POSITION" source="#Center_Column-positions" />
        </vertices>
        <triangles material="Paint_Cream" count="48">
          <input semantic="VERTEX" source="#Center_Column-vertices" offset="0" />
          <p>0 1 13 0 13 12 24 1 0 25 12 13 1 2 14 1 14 13 24 2 1 25 13 14 2 3 15 2 15 14 24 3 2 25 14 15 3 4 16 3 16 15 24 4 3 25 15 16 4 5 17 4 17 16 24 5 4 25 16 17 5 6 18 5 18 17 24 6 5 25 17 18 6 7 19 6 19 18 24 7 6 25 18 19 7 8 20 7 20 19 24 8 7 25 19 20 8 9 21 8 21 20 24 9 8 25 20 21 9 10 22 9 22 21 24 10 9 25 21 22 10 11 23 10 23 22 24 11 10 25 22 23 11 0 12 11 12 23 24 0 11 25 23 12</p>
        </triangles>
      </mesh>
    </geometry>
    <geometry id="Center_Gold_Band-mesh" name="Center_Gold_Band">
      <mesh>
        <source id="Center_Gold_Band-positions">
          <float_array id="Center_Gold_Band-positions-array" count="78">0.450000 -0.140000 -0.000000 0.389711 -0.140000 -0.225000 0.225000 -0.140000 -0.389711 0.000000 -0.140000 -0.450000 -0.225000 -0.140000 -0.389711 -0.389711 -0.140000 -0.225000 -0.450000 -0.140000 -0.000000 -0.389711 -0.140000 0.225000 -0.225000 -0.140000 0.389711 -0.000000 -0.140000 0.450000 0.225000 -0.140000 0.389711 0.389711 -0.140000 0.225000 0.450000 0.140000 -0.000000 0.389711 0.140000 -0.225000 0.225000 0.140000 -0.389711 0.000000 0.140000 -0.450000 -0.225000 0.140000 -0.389711 -0.389711 0.140000 -0.225000 -0.450000 0.140000 -0.000000 -0.389711 0.140000 0.225000 -0.225000 0.140000 0.389711 -0.000000 0.140000 0.450000 0.225000 0.140000 0.389711 0.389711 0.140000 0.225000 0.000000 -0.140000 -0.000000 0.000000 0.140000 -0.000000</float_array>
          <technique_common>
            <accessor source="#Center_Gold_Band-positions-array" count="26" stride="3">
              <param name="X" type="float" />
              <param name="Y" type="float" />
              <param name="Z" type="float" />
            </accessor>
          </technique_common>
        </source>
        <vertices id="Center_Gold_Band-vertices">
          <input semantic="POSITION" source="#Center_Gold_Band-positions" />
        </vertices>
        <triangles material="Gold" count="48">
          <input semantic="VERTEX" source="#Center_Gold_Band-vertices" offset="0" />
          <p>0 1 13 0 13 12 24 1 0 25 12 13 1 2 14 1 14 13 24 2 1 25 13 14 2 3 15 2 15 14 24 3 2 25 14 15 3 4 16 3 16 15 24 4 3 25 15 16 4 5 17 4 17 16 24 5 4 25 16 17 5 6 18 5 18 17 24 6 5 25 17 18 6 7 19 6 19 18 24 7 6 25 18 19 7 8 20 7 20 19 24 8 7 25 19 20 8 9 21 8 21 20 24 9 8 25 20 21 9 10 22 9 22 21 24 10 9 25 21 22 10 11 23 10 23 22 24 11 10 25 22 23 11 0 12 11 12 23 24 0 11 25 23 12</p>
        </triangles>
      </mesh>
    </geometry>
    <geometry id="Canopy_Skirt-mesh" name="Canopy_Skirt">
      <mesh>
        <source id="Canopy_Skirt-positions">
          <float_array id="Canopy_Skirt-positions-array" count="102">3.380000 -0.210000 -0.000000 3.122713 -0.210000 -1.293470 2.390021 -0.210000 -2.390021 1.293470 -0.210000 -3.122713 0.000000 -0.210000 -3.380000 -1.293470 -0.210000 -3.122713 -2.390021 -0.210000 -2.390021 -3.122713 -0.210000 -1.293470 -3.380000 -0.210000 -0.000000 -3.122713 -0.210000 1.293470 -2.390021 -0.210000 2.390021 -1.293470 -0.210000 3.122713 -0.000000 -0.210000 3.380000 1.293470 -0.210000 3.122713 2.390021 -0.210000 2.390021 3.122713 -0.210000 1.293470 3.050000 0.210000 -0.000000 2.817833 0.210000 -1.167184 2.156676 0.210000 -2.156676 1.167184 0.210000 -2.817833 0.000000 0.210000 -3.050000 -1.167184 0.210000 -2.817833 -2.156676 0.210000 -2.156676 -2.817833 0.210000 -1.167184 -3.050000 0.210000 -0.000000 -2.817833 0.210000 1.167184 -2.156676 0.210000 2.156676 -1.167184 0.210000 2.817833 -0.000000 0.210000 3.050000 1.167184 0.210000 2.817833 2.156676 0.210000 2.156676 2.817833 0.210000 1.167184 0.000000 -0.210000 -0.000000 0.000000 0.210000 -0.000000</float_array>
          <technique_common>
            <accessor source="#Canopy_Skirt-positions-array" count="34" stride="3">
              <param name="X" type="float" />
              <param name="Y" type="float" />
              <param name="Z" type="float" />
            </accessor>
          </technique_common>
        </source>
        <vertices id="Canopy_Skirt-vertices">
          <input semantic="POSITION" source="#Canopy_Skirt-positions" />
        </vertices>
        <triangles material="Paint_Red" count="64">
          <input semantic="VERTEX" source="#Canopy_Skirt-vertices" offset="0" />
          <p>0 1 17 0 17 16 32 1 0 33 16 17 1 2 18 1 18 17 32 2 1 33 17 18 2 3 19 2 19 18 32 3 2 33 18 19 3 4 20 3 20 19 32 4 3 33 19 20 4 5 21 4 21 20 32 5 4 33 20 21 5 6 22 5 22 21 32 6 5 33 21 22 6 7 23 6 23 22 32 7 6 33 22 23 7 8 24 7 24 23 32 8 7 33 23 24 8 9 25 8 25 24 32 9 8 33 24 25 9 10 26 9 26 25 32 10 9 33 25 26 10 11 27 10 27 26 32 11 10 33 26 27 11 12 28 11 28 27 32 12 11 33 27 28 12 13 29 12 29 28 32 13 12 33 28 29 13 14 30 13 30 29 32 14 13 33 29 30 14 15 31 14 31 30 32 15 14 33 30 31 15 0 16 15 16 31 32 0 15 33 31 16</p>
        </triangles>
      </mesh>
    </geometry>
    <geometry id="Canopy_Roof-mesh" name="Canopy_Roof">
      <mesh>
        <source id="Canopy_Roof-positions">
          <float_array id="Canopy_Roof-positions-array" count="102">3.080000 -0.525000 -0.000000 2.845549 -0.525000 -1.178665 2.177889 -0.525000 -2.177889 1.178665 -0.525000 -2.845549 0.000000 -0.525000 -3.080000 -1.178665 -0.525000 -2.845549 -2.177889 -0.525000 -2.177889 -2.845549 -0.525000 -1.178665 -3.080000 -0.525000 -0.000000 -2.845549 -0.525000 1.178665 -2.177889 -0.525000 2.177889 -1.178665 -0.525000 2.845549 -0.000000 -0.525000 3.080000 1.178665 -0.525000 2.845549 2.177889 -0.525000 2.177889 2.845549 -0.525000 1.178665 0.340000 0.525000 -0.000000 0.314119 0.525000 -0.130112 0.240416 0.525000 -0.240416 0.130112 0.525000 -0.314119 0.000000 0.525000 -0.340000 -0.130112 0.525000 -0.314119 -0.240416 0.525000 -0.240416 -0.314119 0.525000 -0.130112 -0.340000 0.525000 -0.000000 -0.314119 0.525000 0.130112 -0.240416 0.525000 0.240416 -0.130112 0.525000 0.314119 -0.000000 0.525000 0.340000 0.130112 0.525000 0.314119 0.240416 0.525000 0.240416 0.314119 0.525000 0.130112 0.000000 -0.525000 -0.000000 0.000000 0.525000 -0.000000</float_array>
          <technique_common>
            <accessor source="#Canopy_Roof-positions-array" count="34" stride="3">
              <param name="X" type="float" />
              <param name="Y" type="float" />
              <param name="Z" type="float" />
            </accessor>
          </technique_common>
        </source>
        <vertices id="Canopy_Roof-vertices">
          <input semantic="POSITION" source="#Canopy_Roof-positions" />
        </vertices>
        <triangles material="Paint_Cream" count="64">
          <input semantic="VERTEX" source="#Canopy_Roof-vertices" offset="0" />
          <p>0 1 17 0 17 16 32 1 0 33 16 17 1 2 18 1 18 17 32 2 1 33 17 18 2 3 19 2 19 18 32 3 2 33 18 19 3 4 20 3 20 19 32 4 3 33 19 20 4 5 21 4 21 20 32 5 4 33 20 21 5 6 22 5 22 21 32 6 5 33 21 22 6 7 23 6 23 22 32 7 6 33 22 23 7 8 24 7 24 23 32 8 7 33 23 24 8 9 25 8 25 24 32 9 8 33 24 25 9 10 26 9 26 25 32 10 9 33 25 26 10 11 27 10 27 26 32 11 10 33 26 27 11 12 28 11 28 27 32 12 11 33 27 28 12 13 29 12 29 28 32 13 12 33 28 29 13 14 30 13 30 29 32 14 13 33 29 30 14 15 31 14 31 30 32 15 14 33 30 31 15 0 16 15 16 31 32 0 15 33 31 16</p>
        </triangles>
      </mesh>
    </geometry>
    <geometry id="Canopy_Top-mesh" name="Canopy_Top">
      <mesh>
        <source id="Canopy_Top-positions">
          <float_array id="Canopy_Top-positions-array" count="66">0.150000 -0.325000 -0.000000 0.121353 -0.325000 -0.088168 0.046353 -0.325000 -0.142658 -0.046353 -0.325000 -0.142658 -0.121353 -0.325000 -0.088168 -0.150000 -0.325000 -0.000000 -0.121353 -0.325000 0.088168 -0.046353 -0.325000 0.142658 0.046353 -0.325000 0.142658 0.121353 -0.325000 0.088168 0.020000 0.325000 -0.000000 0.016180 0.325000 -0.011756 0.006180 0.325000 -0.019021 -0.006180 0.325000 -0.019021 -0.016180 0.325000 -0.011756 -0.020000 0.325000 -0.000000 -0.016180 0.325000 0.011756 -0.006180 0.325000 0.019021 0.006180 0.325000 0.019021 0.016180 0.325000 0.011756 0.000000 -0.325000 -0.000000 0.000000 0.325000 -0.000000</float_array>
          <technique_common>
            <accessor source="#Canopy_Top-positions-array" count="22" stride="3">
              <param name="X" type="float" />
              <param name="Y" type="float" />
              <param name="Z" type="float" />
            </accessor>
          </technique_common>
        </source>
        <vertices id="Canopy_Top-vertices">
          <input semantic="POSITION" source="#Canopy_Top-positions" />
        </vertices>
        <triangles material="Gold" count="40">
          <input semantic="VERTEX" source="#Canopy_Top-vertices" offset="0" />
          <p>0 1 11 0 11 10 20 1 0 21 10 11 1 2 12 1 12 11 20 2 1 21 11 12 2 3 13 2 13 12 20 3 2 21 12 13 3 4 14 3 14 13 20 4 3 21 13 14 4 5 15 4 15 14 20 5 4 21 14 15 5 6 16 5 16 15 20 6 5 21 15 16 6 7 17 6 17 16 20 7 6 21 16 17 7 8 18 7 18 17 20 8 7 21 17 18 8 9 19 8 19 18 20 9 8 21 18 19 9 0 10 9 10 19 20 0 9 21 19 10</p>
        </triangles>
      </mesh>
    </geometry>
    <geometry id="Horse_01-mesh" name="Horse_01">
      <mesh>
        <source id="Horse_01-positions">
          <float_array id="Horse_01-positions-array" count="456">0.000000 0.174420 0.145388 0.000000 0.074836 -0.293018 -0.125000 0.074836 -0.164612 -0.176777 0.074836 0.145388 -0.125000 0.074836 0.455388 0.000000 0.074836 0.583794 0.125000 0.074836 0.455388 0.176777 0.074836 0.145388 0.125000 0.074836 -0.164612 0.000000 -0.165580 -0.474612 -0.176777 -0.165580 -0.293018 -0.250000 -0.165580 0.145388 -0.176777 -0.165580 0.583794 0.000000 -0.165580 0.765388 0.176777 -0.165580 0.583794 0.250000 -0.165580 0.145388 0.176777 -0.165580 -0.293018 0.000000 -0.405997 -0.293018 -0.125000 -0.405997 -0.164612 -0.176777 -0.405997 0.145388 -0.125000 -0.405997 0.455388 0.000000 -0.405997 0.583794 0.125000 -0.405997 0.455388 0.176777 -0.405997 0.145388 0.125000 -0.405997 -0.164612 0.000000 -0.505580 0.145388 0.190000 -0.005580 -0.204612 0.118463 -0.080997 -0.332592 -0.042279 -0.099623 -0.364200 -0.171184 -0.047434 -0.275636 -0.171184 0.036273 -0.133589 -0.042279 0.088463 -0.045024 0.118463 0.069836 -0.076632 0.190000 0.554420 -0.534612 0.118463 0.479003 -0.662592 -0.042279 0.460377 -0.694200 -0.171184 0.512566 -0.605636 -0.171184 0.596273 -0.463589 -0.042279 0.648463 -0.375024 0.118463 0.629836 -0.406632 0.000000 0.854420 -0.674612 0.000000 0.734420 -0.969061 -0.135417 0.734420 -0.858198 -0.168862 0.734420 -0.609091 -0.075151 0.734420 -0.409323 0.075151 0.734420 -0.409323 0.168862 0.734420 -0.609091 0.135417 0.734420 -0.858198 0.000000 0.494420 -0.969061 -0.135417 0.494420 -0.858198 -0.168862 0.494420 -0.609091 -0.075151 0.494420 -0.409323 0.075151 0.494420 -0.409323 0.168862 0.494420 -0.609091 0.135417 0.494420 -0.858198 0.000000 0.374420 -0.674612 0.000000 0.674420 -0.934612 0.000000 0.604420 -1.133798 -0.108334 0.604420 -1.058803 -0.135090 0.604420 -0.890289 -0.060121 0.604420 -0.755152 0.060121 0.604420 -0.755152 0.135090 0.604420 -0.890289 0.108334 0.604420 -1.058803 0.000000 0.464420 -1.133798 -0.108334 0.464420 -1.058803 -0.135090 0.464420 -0.890289 -0.060121 0.464420 -0.755152 0.060121 0.464420 -0.755152 0.135090 0.464420 -0.890289 0.108334 0.464420 -1.058803 0.000000 0.394420 -0.934612 0.140000 -0.334002 0.421287 0.204952 -0.339791 0.458337 0.204952 -0.351370 0.532438 0.140000 -0.357159 0.569489 0.075048 -0.351370 0.532438 0.075048 -0.339791 0.458337 0.140000 -0.974002 0.321287 0.204952 -0.979791 0.358337 0.204952 -0.991370 0.432438 0.140000 -0.997159 0.469489 0.075048 -0.991370 0.432438 0.075048 -0.979791 0.358337 0.140000 -0.334002 -0.268713 0.204952 -0.339791 -0.231663 0.204952 -0.351370 -0.157562 0.140000 -0.357159 -0.120511 0.075048 -0.351370 -0.157562 0.075048 -0.339791 -0.231663 0.140000 -0.974002 -0.368713 0.204952 -0.979791 -0.331663 0.204952 -0.991370 -0.257562 0.140000 -0.997159 -0.220511 0.075048 -0.991370 -0.257562 0.075048 -0.979791 -0.331663 -0.140000 -0.334002 0.421287 -0.075048 -0.339791 0.458337 -0.075048 -0.351370 0.532438 -0.140000 -0.357159 0.569489 -0.204952 -0.351370 0.532438 -0.204952 -0.339791 0.458337 -0.140000 -0.974002 0.321287 -0.075048 -0.979791 0.358337 -0.075048 -0.991370 0.432438 -0.140000 -0.997159 0.469489 -0.204952 -0.991370 0.432438 -0.204952 -0.979791 0.358337 -0.140000 -0.334002 -0.268713 -0.075048 -0.339791 -0.231663 -0.075048 -0.351370 -0.157562 -0.140000 -0.357159 -0.120511 -0.204952 -0.351370 -0.157562 -0.204952 -0.339791 -0.231663 -0.140000 -0.974002 -0.368713 -0.075048 -0.979791 -0.331663 -0.075048 -0.991370 -0.257562 -0.140000 -0.997159 -0.220511 -0.204952 -0.991370 -0.257562 -0.204952 -0.979791 -0.331663 -0.075000 -0.115580 0.645388 -0.037500 -0.167958 0.606978 0.037500 -0.167958 0.606978 0.075000 -0.115580 0.645388 0.037500 -0.063203 0.683798 -0.037500 -0.063203 0.683798 -0.075000 -0.445580 1.095388 -0.037500 -0.497958 1.056978 0.037500 -0.497958 1.056978 0.075000 -0.445580 1.095388 0.037500 -0.393203 1.133798 -0.037500 -0.393203 1.133798 0.100000 0.787159 -0.531108 0.152308 0.778356 -0.568078 0.132328 0.764113 -0.627898 0.067672 0.764113 -0.627898 0.047692 0.778356 -0.568078 0.100000 0.997159 -0.581108 0.152308 0.988356 -0.618078 0.132328 0.974113 -0.677898 0.067672 0.974113 -0.677898 0.047692 0.988356 -0.618078 -0.100000 0.787159 -0.531108 -0.047692 0.778356 -0.568078 -0.067672 0.764113 -0.627898 -0.132328 0.764113 -0.627898 -0.152308 0.778356 -0.568078 -0.100000 0.997159 -0.581108 -0.047692 0.988356 -0.618078 -0.067672 0.974113 -0.677898 -0.132328 0.974113 -0.677898 -0.152308 0.988356 -0.618078</float_array>
          <technique_common>
            <accessor source="#Horse_01-positions-array" count="152" stride="3">
              <param name="X" type="float" />
              <param name="Y" type="float" />
              <param name="Z" type="float" />
            </accessor>
          </technique_common>
        </source>
        <vertices id="Horse_01-vertices">
          <input semantic="POSITION" source="#Horse_01-positions" />
        </vertices>
        <triangles material="Horse_White" count="198">
          <input semantic="VERTEX" source="#Horse_01-vertices" offset="0" />
          <p>0 1 2 0 2 3 0 3 4 0 4 5 0 5 6 0 6 7 0 7 8 0 8 1 1 9 10 1 10 2 2 10 11 2 11 3 3 11 12 3 12 4 4 12 13 4 13 5 5 13 14 5 14 6 6 14 15 6 15 7 7 15 16 7 16 8 8 16 9 8 9 1 9 17 18 9 18 10 10 18 19 10 19 11 11 19 20 11 20 12 12 20 21 12 21 13 13 21 22 13 22 14 14 22 23 14 23 15 15 23 24 15 24 16 16 24 17 16 17 9 25 18 17 25 19 18 25 20 19 25 21 20 25 22 21 25 23 22 25 24 23 25 17 24 26 27 34 26 34 33 27 28 35 27 35 34 28 29 36 28 36 35 29 30 37 29 37 36 30 31 38 30 38 37 31 32 39 31 39 38 32 26 33 32 33 39 40 41 42 40 42 43 40 43 44 40 44 45 40 45 46 40 46 47 40 47 41 41 48 49 41 49 42 42 49 50 42 50 43 43 50 51 43 51 44 44 51 52 44 52 45 45 52 53 45 53 46 46 53 54 46 54 47 47 54 48 47 48 41 55 49 48 55 50 49 55 51 50 55 52 51 55 53 52 55 54 53 55 48 54 56 57 58 56 58 59 56 59 60 56 60 61 56 61 62 56 62 63 56 63 57 57 64 65 57 65 58 58 65 66 58 66 59 59 66 67 59 67 60 60 67 68 60 68 61 61 68 69 61 69 62 62 69 70 62 70 63 63 70 64 63 64 57 71 65 64 71 66 65 71 67 66 71 68 67 71 69 68 71 70 69 71 64 70 72 73 79 72 79 78 73 74 80 73 80 79 74 75 81 74 81 80 75 76 82 75 82 81 76 77 83 76 83 82 77 72 78 77 78 83 84 85 91 84 91 90 85 86 92 85 92 91 86 87 93 86 93 92 87 88 94 87 94 93 88 89 95 88 95 94 89 84 90 89 90 95 96 97 103 96 103 102 97 98 104 97 104 103 98 99 105 98 105 104 99 100 106 99 106 105 100 101 107 100 107 106 101 96 102 101 102 107 108 109 115 108 115 114 109 110 116 109 116 115 110 111 117 110 117 116 111 112 118 111 118 117 112 113 119 112 119 118 113 108 114 113 114 119 120 121 127 120 127 126 121 122 128 121 128 127 122 123 129 122 129 128 123 124 130 123 130 129 124 125 131 124 131 130 125 120 126 125 126 131 132 133 138 132 138 137 133 134 139 133 139 138 134 135 140 134 140 139 135 136 141 135 141 140 136 132 137 136 137 141 142 143 148 142 148 147 143 144 149 143 149 148 144 145 150 144 150 149 145 146 151 145 151 150 146 142 147 146 147 151</p>
        </triangles>
      </mesh>
    </geometry>
    <geometry id="Horse_Pole_01-mesh" name="Horse_Pole_01">
      <mesh>
        <source id="Horse_Pole_01-positions">
          <float_array id="Horse_Pole_01-positions-array" count="48">0.042772 -1.975000 -0.000000 0.025829 -1.975000 -0.035182 -0.012242 -1.975000 -0.043872 -0.042772 -1.975000 -0.019525 -0.042772 -1.975000 0.019525 -0.012242 -1.975000 0.043872 0.025829 -1.975000 0.035182 0.042772 1.975000 -0.000000 0.025829 1.975000 -0.035182 -0.012242 1.975000 -0.043872 -0.042772 1.975000 -0.019525 -0.042772 1.975000 0.019525 -0.012242 1.975000 0.043872 0.025829 1.975000 0.035182 -0.002228 -1.975000 -0.000000 -0.002228 1.975000 -0.000000</float_array>
          <technique_common>
            <accessor source="#Horse_Pole_01-positions-array" count="16" stride="3">
              <param name="X" type="float" />
              <param name="Y" type="float" />
              <param name="Z" type="float" />
            </accessor>
          </technique_common>
        </source>
        <vertices id="Horse_Pole_01-vertices">
          <input semantic="POSITION" source="#Horse_Pole_01-positions" />
        </vertices>
        <triangles material="Gold" count="28">
          <input semantic="VERTEX" source="#Horse_Pole_01-vertices" offset="0" />
          <p>0 1 8 0 8 7 14 1 0 15 7 8 1 2 9 1 9 8 14 2 1 15 8 9 2 3 10 2 10 9 14 3 2 15 9 10 3 4 11 3 11 10 14 4 3 15 10 11 4 5 12 4 12 11 14 5 4 15 11 12 5 6 13 5 13 12 14 6 5 15 12 13 6 0 7 6 7 13 14 0 6 15 13 7</p>
        </triangles>
      </mesh>
    </geometry>
    <geometry id="Horse_02-mesh" name="Horse_02">
      <mesh>
        <source id="Horse_02-positions">
          <float_array id="Horse_02-positions-array" count="456">0.101333 0.174420 0.101333 -0.208667 0.074836 -0.208667 -0.206258 0.074836 -0.029481 -0.023667 0.074836 0.226333 0.232148 0.074836 0.408925 0.411333 0.074836 0.411333 0.408925 0.074836 0.232148 0.226333 0.074836 -0.023667 -0.029481 0.074836 -0.206258 -0.337073 -0.165580 -0.337073 -0.333667 -0.165580 -0.083667 -0.075443 -0.165580 0.278110 0.286333 -0.165580 0.536333 0.539740 -0.165580 0.539740 0.536333 -0.165580 0.286333 0.278110 -0.165580 -0.075443 -0.083667 -0.165580 -0.333667 -0.208667 -0.405997 -0.208667 -0.206258 -0.405997 -0.029481 -0.023667 -0.405997 0.226333 0.232148 -0.405997 0.408925 0.411333 -0.405997 0.411333 0.408925 -0.405997 0.232148 0.226333 -0.405997 -0.023667 -0.029481 -0.405997 -0.206258 0.101333 -0.505580 0.101333 -0.011804 -0.005580 -0.280504 -0.152883 -0.080997 -0.320415 -0.288896 -0.099623 -0.229104 -0.317421 -0.047434 -0.075330 -0.216978 0.036273 0.025113 -0.063204 0.088463 -0.003412 0.028107 0.069836 -0.139425 -0.245149 0.554420 -0.513850 -0.386229 0.479003 -0.553761 -0.522241 0.460377 -0.462449 -0.550766 0.512566 -0.308675 -0.450324 0.596273 -0.208233 -0.296549 0.648463 -0.236758 -0.205238 0.629836 -0.372770 -0.478494 0.854420 -0.478494 -0.686701 0.734420 -0.686701 -0.704063 0.734420 -0.512555 -0.551568 0.734420 -0.312760 -0.344046 0.734420 -0.237767 -0.237767 0.734420 -0.344046 -0.312760 0.734420 -0.551568 -0.512555 0.734420 -0.704063 -0.686701 0.494420 -0.686701 -0.704063 0.494420 -0.512555 -0.551568 0.494420 -0.312760 -0.344046 0.494420 -0.237767 -0.237767 0.494420 -0.344046 -0.312760 0.494420 -0.551568 -0.512555 0.494420 -0.704063 -0.478494 0.374420 -0.478494 -0.662342 0.674420 -0.662342 -0.803188 0.604420 -0.803188 -0.826761 0.604420 -0.673554 -0.726524 0.604420 -0.535478 -0.577956 0.604420 -0.492933 -0.492933 0.604420 -0.577956 -0.535478 0.604420 -0.726524 -0.673554 0.604420 -0.826761 -0.803188 0.464420 -0.803188 -0.826761 0.464420 -0.673554 -0.726524 0.464420 -0.535478 -0.577956 0.464420 -0.492933 -0.492933 0.464420 -0.577956 -0.535478 0.464420 -0.726524 -0.673554 0.464420 -0.826761 -0.662342 0.394420 -0.662342 0.395418 -0.334002 0.197428 0.467545 -0.339791 0.177699 0.519942 -0.351370 0.230096 0.500213 -0.357159 0.302223 0.428086 -0.351370 0.321952 0.375689 -0.339791 0.269555 0.324708 -0.974002 0.126718 0.396834 -0.979791 0.106989 0.449232 -0.991370 0.159386 0.429502 -0.997159 0.231512 0.357376 -0.991370 0.251242 0.304978 -0.979791 0.198844 -0.092485 -0.334002 -0.290475 -0.020359 -0.339791 -0.310204 0.032039 -0.351370 -0.257807 0.012309 -0.357159 -0.185681 -0.059817 -0.351370 -0.165951 -0.112215 -0.339791 -0.218349 -0.163196 -0.974002 -0.361186 -0.091069 -0.979791 -0.380915 -0.038672 -0.991370 -0.328518 -0.058401 -0.997159 -0.256391 -0.130528 -0.991370 -0.236662 -0.182925 -0.979791 -0.289059 0.197428 -0.334002 0.395418 0.269555 -0.339791 0.375689 0.321952 -0.351370 0.428086 0.302223 -0.357159 0.500213 0.230096 -0.351370 0.519942 0.177699 -0.339791 0.467545 0.126718 -0.974002 0.324708 0.198844 -0.979791 0.304978 0.251242 -0.991370 0.357376 0.231512 -0.997159 0.429502 0.159386 -0.991370 0.449232 0.106989 -0.979791 0.396834 -0.290475 -0.334002 -0.092485 -0.218349 -0.339791 -0.112215 -0.165951 -0.351370 -0.059817 -0.185681 -0.357159 0.012309 -0.257807 -0.351370 0.032039 -0.310204 -0.339791 -0.020359 -0.361186 -0.974002 -0.163196 -0.289059 -0.979791 -0.182925 -0.236662 -0.991370 -0.130528 -0.256391 -0.997159 -0.058401 -0.328518 -0.991370 -0.038672 -0.380915 -0.979791 -0.091069 0.401854 -0.115580 0.507920 0.401210 -0.167958 0.454243 0.454243 -0.167958 0.401210 0.507920 -0.115580 0.401854 0.508563 -0.063203 0.455530 0.455530 -0.063203 0.508563 0.720052 -0.445580 0.826118 0.719408 -0.497958 0.772441 0.772441 -0.497958 0.719408 0.826118 -0.445580 0.720052 0.826761 -0.393203 0.773728 0.773728 -0.393203 0.826761 -0.306311 0.787159 -0.447732 -0.295465 0.778356 -0.510862 -0.351892 0.764113 -0.539033 -0.397611 0.764113 -0.493314 -0.369440 0.778356 -0.436887 -0.341666 0.997159 -0.483087 -0.330821 0.988356 -0.546217 -0.387248 0.974113 -0.574388 -0.432967 0.974113 -0.528669 -0.404796 0.988356 -0.472242 -0.447732 0.787159 -0.306311 -0.436887 0.778356 -0.369440 -0.493314 0.764113 -0.397611 -0.539033 0.764113 -0.351892 -0.510862 0.778356 -0.295465 -0.483087 0.997159 -0.341666 -0.472242 0.988356 -0.404796 -0.528669 0.974113 -0.432967 -0.574388 0.974113 -0.387248 -0.546217 0.988356 -0.330821</float_array>
          <technique_common>
            <accessor source="#Horse_02-positions-array" count="152" stride="3">
              <param name="X" type="float" />
              <param name="Y" type="float" />
              <param name="Z" type="float" />
            </accessor>
          </technique_common>
        </source>
        <vertices id="Horse_02-vertices">
          <input semantic="POSITION" source="#Horse_02-positions" />
        </vertices>
        <triangles material="Horse_Tan" count="198">
          <input semantic="VERTEX" source="#Horse_02-vertices" offset="0" />
          <p>0 1 2 0 2 3 0 3 4 0 4 5 0 5 6 0 6 7 0 7 8 0 8 1 1 9 10 1 10 2 2 10 11 2 11 3 3 11 12 3 12 4 4 12 13 4 13 5 5 13 14 5 14 6 6 14 15 6 15 7 7 15 16 7 16 8 8 16 9 8 9 1 9 17 18 9 18 10 10 18 19 10 19 11 11 19 20 11 20 12 12 20 21 12 21 13 13 21 22 13 22 14 14 22 23 14 23 15 15 23 24 15 24 16 16 24 17 16 17 9 25 18 17 25 19 18 25 20 19 25 21 20 25 22 21 25 23 22 25 24 23 25 17 24 26 27 34 26 34 33 27 28 35 27 35 34 28 29 36 28 36 35 29 30 37 29 37 36 30 31 38 30 38 37 31 32 39 31 39 38 32 26 33 32 33 39 40 41 42 40 42 43 40 43 44 40 44 45 40 45 46 40 46 47 40 47 41 41 48 49 41 49 42 42 49 50 42 50 43 43 50 51 43 51 44 44 51 52 44 52 45 45 52 53 45 53 46 46 53 54 46 54 47 47 54 48 47 48 41 55 49 48 55 50 49 55 51 50 55 52 51 55 53 52 55 54 53 55 48 54 56 57 58 56 58 59 56 59 60 56 60 61 56 61 62 56 62 63 56 63 57 57 64 65 57 65 58 58 65 66 58 66 59 59 66 67 59 67 60 60 67 68 60 68 61 61 68 69 61 69 62 62 69 70 62 70 63 63 70 64 63 64 57 71 65 64 71 66 65 71 67 66 71 68 67 71 69 68 71 70 69 71 64 70 72 73 79 72 79 78 73 74 80 73 80 79 74 75 81 74 81 80 75 76 82 75 82 81 76 77 83 76 83 82 77 72 78 77 78 83 84 85 91 84 91 90 85 86 92 85 92 91 86 87 93 86 93 92 87 88 94 87 94 93 88 89 95 88 95 94 89 84 90 89 90 95 96 97 103 96 103 102 97 98 104 97 104 103 98 99 105 98 105 104 99 100 106 99 106 105 100 101 107 100 107 106 101 96 102 101 102 107 108 109 115 108 115 114 109 110 116 109 116 115 110 111 117 110 117 116 111 112 118 111 118 117 112 113 119 112 119 118 113 108 114 113 114 119 120 121 127 120 127 126 121 122 128 121 128 127 122 123 129 122 129 128 123 124 130 123 130 129 124 125 131 124 131 130 125 120 126 125 126 131 132 133 138 132 138 137 133 134 139 133 139 138 134 135 140 134 140 139 135 136 141 135 141 140 136 132 137 136 137 141 142 143 148 142 148 147 143 144 149 143 149 148 144 145 150 144 150 149 145 146 151 145 151 150 146 142 147 146 147 151</p>
        </triangles>
      </mesh>
    </geometry>
    <geometry id="Horse_Pole_02-mesh" name="Horse_Pole_02">
      <mesh>
        <source id="Horse_Pole_02-positions">
          <float_array id="Horse_Pole_02-positions-array" count="48">0.042772 -1.975000 -0.000000 0.025829 -1.975000 -0.035182 -0.012242 -1.975000 -0.043872 -0.042772 -1.975000 -0.019525 -0.042772 -1.975000 0.019525 -0.012242 -1.975000 0.043872 0.025829 -1.975000 0.035182 0.042772 1.975000 -0.000000 0.025829 1.975000 -0.035182 -0.012242 1.975000 -0.043872 -0.042772 1.975000 -0.019525 -0.042772 1.975000 0.019525 -0.012242 1.975000 0.043872 0.025829 1.975000 0.035182 -0.002228 -1.975000 -0.000000 -0.002228 1.975000 -0.000000</float_array>
          <technique_common>
            <accessor source="#Horse_Pole_02-positions-array" count="16" stride="3">
              <param name="X" type="float" />
              <param name="Y" type="float" />
              <param name="Z" type="float" />
            </accessor>
          </technique_common>
        </source>
        <vertices id="Horse_Pole_02-vertices">
          <input semantic="POSITION" source="#Horse_Pole_02-positions" />
        </vertices>
        <triangles material="Gold" count="28">
          <input semantic="VERTEX" source="#Horse_Pole_02-vertices" offset="0" />
          <p>0 1 8 0 8 7 14 1 0 15 7 8 1 2 9 1 9 8 14 2 1 15 8 9 2 3 10 2 10 9 14 3 2 15 9 10 3 4 11 3 11 10 14 4 3 15 10 11 4 5 12 4 12 11 14 5 4 15 11 12 5 6 13 5 13 12 14 6 5 15 12 13 6 0 7 6 7 13 14 0 6 15 13 7</p>
        </triangles>
      </mesh>
    </geometry>
    <geometry id="Horse_03-mesh" name="Horse_03">
      <mesh>
        <source id="Horse_03-positions">
          <float_array id="Horse_03-positions-array" count="456">0.145388 0.174420 -0.000000 -0.293018 0.074836 -0.000000 -0.164612 0.074836 0.125000 0.145388 0.074836 0.176777 0.455388 0.074836 0.125000 0.583794 0.074836 -0.000000 0.455388 0.074836 -0.125000 0.145388 0.074836 -0.176777 -0.164612 0.074836 -0.125000 -0.474612 -0.165580 -0.000000 -0.293018 -0.165580 0.176777 0.145388 -0.165580 0.250000 0.583794 -0.165580 0.176777 0.765388 -0.165580 -0.000000 0.583794 -0.165580 -0.176777 0.145388 -0.165580 -0.250000 -0.293018 -0.165580 -0.176777 -0.293018 -0.405997 -0.000000 -0.164612 -0.405997 0.125000 0.145388 -0.405997 0.176777 0.455388 -0.405997 0.125000 0.583794 -0.405997 -0.000000 0.455388 -0.405997 -0.125000 0.145388 -0.405997 -0.176777 -0.164612 -0.405997 -0.125000 0.145388 -0.505580 -0.000000 -0.204612 -0.005580 -0.190000 -0.332592 -0.080997 -0.118463 -0.364200 -0.099623 0.042279 -0.275636 -0.047434 0.171184 -0.133589 0.036273 0.171184 -0.045024 0.088463 0.042279 -0.076632 0.069836 -0.118463 -0.534612 0.554420 -0.190000 -0.662592 0.479003 -0.118463 -0.694200 0.460377 0.042279 -0.605636 0.512566 0.171184 -0.463589 0.596273 0.171184 -0.375024 0.648463 0.042279 -0.406632 0.629836 -0.118463 -0.674612 0.854420 -0.000000 -0.969061 0.734420 -0.000000 -0.858198 0.734420 0.135417 -0.609091 0.734420 0.168862 -0.409323 0.734420 0.075151 -0.409323 0.734420 -0.075151 -0.609091 0.734420 -0.168862 -0.858198 0.734420 -0.135417 -0.969061 0.494420 -0.000000 -0.858198 0.494420 0.135417 -0.609091 0.494420 0.168862 -0.409323 0.494420 0.075151 -0.409323 0.494420 -0.075151 -0.609091 0.494420 -0.168862 -0.858198 0.494420 -0.135417 -0.674612 0.374420 -0.000000 -0.934612 0.674420 -0.000000 -1.133798 0.604420 -0.000000 -1.058803 0.604420 0.108334 -0.890289 0.604420 0.135090 -0.755152 0.604420 0.060121 -0.755152 0.604420 -0.060121 -0.890289 0.604420 -0.135090 -1.058803 0.604420 -0.108334 -1.133798 0.464420 -0.000000 -1.058803 0.464420 0.108334 -0.890289 0.464420 0.135090 -0.755152 0.464420 0.060121 -0.755152 0.464420 -0.060121 -0.890289 0.464420 -0.135090 -1.058803 0.464420 -0.108334 -0.934612 0.394420 -0.000000 0.421287 -0.334002 -0.140000 0.458337 -0.339791 -0.204952 0.532438 -0.351370 -0.204952 0.569489 -0.357159 -0.140000 0.532438 -0.351370 -0.075048 0.458337 -0.339791 -0.075048 0.321287 -0.974002 -0.140000 0.358337 -0.979791 -0.204952 0.432438 -0.991370 -0.204952 0.469489 -0.997159 -0.140000 0.432438 -0.991370 -0.075048 0.358337 -0.979791 -0.075048 -0.268713 -0.334002 -0.140000 -0.231663 -0.339791 -0.204952 -0.157562 -0.351370 -0.204952 -0.120511 -0.357159 -0.140000 -0.157562 -0.351370 -0.075048 -0.231663 -0.339791 -0.075048 -0.368713 -0.974002 -0.140000 -0.331663 -0.979791 -0.204952 -0.257562 -0.991370 -0.204952 -0.220511 -0.997159 -0.140000 -0.257562 -0.991370 -0.075048 -0.331663 -0.979791 -0.075048 0.421287 -0.334002 0.140000 0.458337 -0.339791 0.075048 0.532438 -0.351370 0.075048 0.569489 -0.357159 0.140000 0.532438 -0.351370 0.204952 0.458337 -0.339791 0.204952 0.321287 -0.974002 0.140000 0.358337 -0.979791 0.075048 0.432438 -0.991370 0.075048 0.469489 -0.997159 0.140000 0.432438 -0.991370 0.204952 0.358337 -0.979791 0.204952 -0.268713 -0.334002 0.140000 -0.231663 -0.339791 0.075048 -0.157562 -0.351370 0.075048 -0.120511 -0.357159 0.140000 -0.157562 -0.351370 0.204952 -0.231663 -0.339791 0.204952 -0.368713 -0.974002 0.140000 -0.331663 -0.979791 0.075048 -0.257562 -0.991370 0.075048 -0.220511 -0.997159 0.140000 -0.257562 -0.991370 0.204952 -0.331663 -0.979791 0.204952 0.645388 -0.115580 0.075000 0.606978 -0.167958 0.037500 0.606978 -0.167958 -0.037500 0.645388 -0.115580 -0.075000 0.683798 -0.063203 -0.037500 0.683798 -0.063203 0.037500 1.095388 -0.445580 0.075000 1.056978 -0.497958 0.037500 1.056978 -0.497958 -0.037500 1.095388 -0.445580 -0.075000 1.133798 -0.393203 -0.037500 1.133798 -0.393203 0.037500 -0.531108 0.787159 -0.100000 -0.568078 0.778356 -0.152308 -0.627898 0.764113 -0.132328 -0.627898 0.764113 -0.067672 -0.568078 0.778356 -0.047692 -0.581108 0.997159 -0.100000 -0.618078 0.988356 -0.152308 -0.677898 0.974113 -0.132328 -0.677898 0.974113 -0.067672 -0.618078 0.988356 -0.047692 -0.531108 0.787159 0.100000 -0.568078 0.778356 0.047692 -0.627898 0.764113 0.067672 -0.627898 0.764113 0.132328 -0.568078 0.778356 0.152308 -0.581108 0.997159 0.100000 -0.618078 0.988356 0.047692 -0.677898 0.974113 0.067672 -0.677898 0.974113 0.132328 -0.618078 0.988356 0.152308</float_array>
          <technique_common>
            <accessor source="#Horse_03-positions-array" count="152" stride="3">
              <param name="X" type="float" />
              <param name="Y" type="float" />
              <param name="Z" type="float" />
            </accessor>
          </technique_common>
        </source>
        <vertices id="Horse_03-vertices">
          <input semantic="POSITION" source="#Horse_03-positions" />
        </vertices>
        <triangles material="Horse_White" count="198">
          <input semantic="VERTEX" source="#Horse_03-vertices" offset="0" />
          <p>0 1 2 0 2 3 0 3 4 0 4 5 0 5 6 0 6 7 0 7 8 0 8 1 1 9 10 1 10 2 2 10 11 2 11 3 3 11 12 3 12 4 4 12 13 4 13 5 5 13 14 5 14 6 6 14 15 6 15 7 7 15 16 7 16 8 8 16 9 8 9 1 9 17 18 9 18 10 10 18 19 10 19 11 11 19 20 11 20 12 12 20 21 12 21 13 13 21 22 13 22 14 14 22 23 14 23 15 15 23 24 15 24 16 16 24 17 16 17 9 25 18 17 25 19 18 25 20 19 25 21 20 25 22 21 25 23 22 25 24 23 25 17 24 26 27 34 26 34 33 27 28 35 27 35 34 28 29 36 28 36 35 29 30 37 29 37 36 30 31 38 30 38 37 31 32 39 31 39 38 32 26 33 32 33 39 40 41 42 40 42 43 40 43 44 40 44 45 40 45 46 40 46 47 40 47 41 41 48 49 41 49 42 42 49 50 42 50 43 43 50 51 43 51 44 44 51 52 44 52 45 45 52 53 45 53 46 46 53 54 46 54 47 47 54 48 47 48 41 55 49 48 55 50 49 55 51 50 55 52 51 55 53 52 55 54 53 55 48 54 56 57 58 56 58 59 56 59 60 56 60 61 56 61 62 56 62 63 56 63 57 57 64 65 57 65 58 58 65 66 58 66 59 59 66 67 59 67 60 60 67 68 60 68 61 61 68 69 61 69 62 62 69 70 62 70 63 63 70 64 63 64 57 71 65 64 71 66 65 71 67 66 71 68 67 71 69 68 71 70 69 71 64 70 72 73 79 72 79 78 73 74 80 73 80 79 74 75 81 74 81 80 75 76 82 75 82 81 76 77 83 76 83 82 77 72 78 77 78 83 84 85 91 84 91 90 85 86 92 85 92 91 86 87 93 86 93 92 87 88 94 87 94 93 88 89 95 88 95 94 89 84 90 89 90 95 96 97 103 96 103 102 97 98 104 97 104 103 98 99 105 98 105 104 99 100 106 99 106 105 100 101 107 100 107 106 101 96 102 101 102 107 108 109 115 108 115 114 109 110 116 109 116 115 110 111 117 110 117 116 111 112 118 111 118 117 112 113 119 112 119 118 113 108 114 113 114 119 120 121 127 120 127 126 121 122 128 121 128 127 122 123 129 122 129 128 123 124 130 123 130 129 124 125 131 124 131 130 125 120 126 125 126 131 132 133 138 132 138 137 133 134 139 133 139 138 134 135 140 134 140 139 135 136 141 135 141 140 136 132 137 136 137 141 142 143 148 142 148 147 143 144 149 143 149 148 144 145 150 144 150 149 145 146 151 145 151 150 146 142 147 146 147 151</p>
        </triangles>
      </mesh>
    </geometry>
    <geometry id="Horse_Pole_03-mesh" name="Horse_Pole_03">
      <mesh>
        <source id="Horse_Pole_03-positions">
          <float_array id="Horse_Pole_03-positions-array" count="48">0.042772 -1.975000 -0.000000 0.025829 -1.975000 -0.035182 -0.012242 -1.975000 -0.043872 -0.042772 -1.975000 -0.019525 -0.042772 -1.975000 0.019525 -0.012242 -1.975000 0.043872 0.025829 -1.975000 0.035182 0.042772 1.975000 -0.000000 0.025829 1.975000 -0.035182 -0.012242 1.975000 -0.043872 -0.042772 1.975000 -0.019525 -0.042772 1.975000 0.019525 -0.012242 1.975000 0.043872 0.025829 1.975000 0.035182 -0.002228 -1.975000 -0.000000 -0.002228 1.975000 -0.000000</float_array>
          <technique_common>
            <accessor source="#Horse_Pole_03-positions-array" count="16" stride="3">
              <param name="X" type="float" />
              <param name="Y" type="float" />
              <param name="Z" type="float" />
            </accessor>
          </technique_common>
        </source>
        <vertices id="Horse_Pole_03-vertices">
          <input semantic="POSITION" source="#Horse_Pole_03-positions" />
        </vertices>
        <triangles material="Gold" count="28">
          <input semantic="VERTEX" source="#Horse_Pole_03-vertices" offset="0" />
          <p>0 1 8 0 8 7 14 1 0 15 7 8 1 2 9 1 9 8 14 2 1 15 8 9 2 3 10 2 10 9 14 3 2 15 9 10 3 4 11 3 11 10 14 4 3 15 10 11 4 5 12 4 12 11 14 5 4 15 11 12 5 6 13 5 13 12 14 6 5 15 12 13 6 0 7 6 7 13 14 0 6 15 13 7</p>
        </triangles>
      </mesh>
    </geometry>
    <geometry id="Horse_04-mesh" name="Horse_04">
      <mesh>
        <source id="Horse_04-positions">
          <float_array id="Horse_04-positions-array" count="456">0.101333 0.174420 -0.101333 -0.208667 0.074836 0.208667 -0.029481 0.074836 0.206258 0.226333 0.074836 0.023667 0.408925 0.074836 -0.232148 0.411333 0.074836 -0.411333 0.232148 0.074836 -0.408925 -0.023667 0.074836 -0.226333 -0.206258 0.074836 0.029481 -0.337073 -0.165580 0.337073 -0.083667 -0.165580 0.333667 0.278110 -0.165580 0.075443 0.536333 -0.165580 -0.286333 0.539740 -0.165580 -0.539740 0.286333 -0.165580 -0.536333 -0.075443 -0.165580 -0.278110 -0.333667 -0.165580 0.083667 -0.208667 -0.405997 0.208667 -0.029481 -0.405997 0.206258 0.226333 -0.405997 0.023667 0.408925 -0.405997 -0.232148 0.411333 -0.405997 -0.411333 0.232148 -0.405997 -0.408925 -0.023667 -0.405997 -0.226333 -0.206258 -0.405997 0.029481 0.101333 -0.505580 -0.101333 -0.280504 -0.005580 0.011804 -0.320415 -0.080997 0.152883 -0.229104 -0.099623 0.288896 -0.075330 -0.047434 0.317421 0.025113 0.036273 0.216978 -0.003412 0.088463 0.063204 -0.139425 0.069836 -0.028107 -0.513850 0.554420 0.245149 -0.553761 0.479003 0.386229 -0.462449 0.460377 0.522241 -0.308675 0.512566 0.550766 -0.208233 0.596273 0.450324 -0.236758 0.648463 0.296549 -0.372770 0.629836 0.205238 -0.478494 0.854420 0.478494 -0.686701 0.734420 0.686701 -0.512555 0.734420 0.704063 -0.312760 0.734420 0.551568 -0.237767 0.734420 0.344046 -0.344046 0.734420 0.237767 -0.551568 0.734420 0.312760 -0.704063 0.734420 0.512555 -0.686701 0.494420 0.686701 -0.512555 0.494420 0.704063 -0.312760 0.494420 0.551568 -0.237767 0.494420 0.344046 -0.344046 0.494420 0.237767 -0.551568 0.494420 0.312760 -0.704063 0.494420 0.512555 -0.478494 0.374420 0.478494 -0.662342 0.674420 0.662342 -0.803188 0.604420 0.803188 -0.673554 0.604420 0.826761 -0.535478 0.604420 0.726524 -0.492933 0.604420 0.577956 -0.577956 0.604420 0.492933 -0.726524 0.604420 0.535478 -0.826761 0.604420 0.673554 -0.803188 0.464420 0.803188 -0.673554 0.464420 0.826761 -0.535478 0.464420 0.726524 -0.492933 0.464420 0.577956 -0.577956 0.464420 0.492933 -0.726524 0.464420 0.535478 -0.826761 0.464420 0.673554 -0.662342 0.394420 0.662342 0.197428 -0.334002 -0.395418 0.177699 -0.339791 -0.467545 0.230096 -0.351370 -0.519942 0.302223 -0.357159 -0.500213 0.321952 -0.351370 -0.428086 0.269555 -0.339791 -0.375689 0.126718 -0.974002 -0.324708 0.106989 -0.979791 -0.396834 0.159386 -0.991370 -0.449232 0.231512 -0.997159 -0.429502 0.251242 -0.991370 -0.357376 0.198844 -0.979791 -0.304978 -0.290475 -0.334002 0.092485 -0.310204 -0.339791 0.020359 -0.257807 -0.351370 -0.032039 -0.185681 -0.357159 -0.012309 -0.165951 -0.351370 0.059817 -0.218349 -0.339791 0.112215 -0.361186 -0.974002 0.163196 -0.380915 -0.979791 0.091069 -0.328518 -0.991370 0.038672 -0.256391 -0.997159 0.058401 -0.236662 -0.991370 0.130528 -0.289059 -0.979791 0.182925 0.395418 -0.334002 -0.197428 0.375689 -0.339791 -0.269555 0.428086 -0.351370 -0.321952 0.500213 -0.357159 -0.302223 0.519942 -0.351370 -0.230096 0.467545 -0.339791 -0.177699 0.324708 -0.974002 -0.126718 0.304978 -0.979791 -0.198844 0.357376 -0.991370 -0.251242 0.429502 -0.997159 -0.231512 0.449232 -0.991370 -0.159386 0.396834 -0.979791 -0.106989 -0.092485 -0.334002 0.290475 -0.112215 -0.339791 0.218349 -0.059817 -0.351370 0.165951 0.012309 -0.357159 0.185681 0.032039 -0.351370 0.257807 -0.020359 -0.339791 0.310204 -0.163196 -0.974002 0.361186 -0.182925 -0.979791 0.289059 -0.130528 -0.991370 0.236662 -0.058401 -0.997159 0.256391 -0.038672 -0.991370 0.328518 -0.091069 -0.979791 0.380915 0.507920 -0.115580 -0.401854 0.454243 -0.167958 -0.401210 0.401210 -0.167958 -0.454243 0.401854 -0.115580 -0.507920 0.455530 -0.063203 -0.508563 0.508563 -0.063203 -0.455530 0.826118 -0.445580 -0.720052 0.772441 -0.497958 -0.719408 0.719408 -0.497958 -0.772441 0.720052 -0.445580 -0.826118 0.773728 -0.393203 -0.826761 0.826761 -0.393203 -0.773728 -0.447732 0.787159 0.306311 -0.510862 0.778356 0.295465 -0.539033 0.764113 0.351892 -0.493314 0.764113 0.397611 -0.436887 0.778356 0.369440 -0.483087 0.997159 0.341666 -0.546217 0.988356 0.330821 -0.574388 0.974113 0.387248 -0.528669 0.974113 0.432967 -0.472242 0.988356 0.404796 -0.306311 0.787159 0.447732 -0.369440 0.778356 0.436887 -0.397611 0.764113 0.493314 -0.351892 0.764113 0.539033 -0.295465 0.778356 0.510862 -0.341666 0.997159 0.483087 -0.404796 0.988356 0.472242 -0.432967 0.974113 0.528669 -0.387248 0.974113 0.574388 -0.330821 0.988356 0.546217</float_array>
          <technique_common>
            <accessor source="#Horse_04-positions-array" count="152" stride="3">
              <param name="X" type="float" />
              <param name="Y" type="float" />
              <param name="Z" type="float" />
            </accessor>
          </technique_common>
        </source>
        <vertices id="Horse_04-vertices">
          <input semantic="POSITION" source="#Horse_04-positions" />
        </vertices>
        <triangles material="Horse_Tan" count="198">
          <input semantic="VERTEX" source="#Horse_04-vertices" offset="0" />
          <p>0 1 2 0 2 3 0 3 4 0 4 5 0 5 6 0 6 7 0 7 8 0 8 1 1 9 10 1 10 2 2 10 11 2 11 3 3 11 12 3 12 4 4 12 13 4 13 5 5 13 14 5 14 6 6 14 15 6 15 7 7 15 16 7 16 8 8 16 9 8 9 1 9 17 18 9 18 10 10 18 19 10 19 11 11 19 20 11 20 12 12 20 21 12 21 13 13 21 22 13 22 14 14 22 23 14 23 15 15 23 24 15 24 16 16 24 17 16 17 9 25 18 17 25 19 18 25 20 19 25 21 20 25 22 21 25 23 22 25 24 23 25 17 24 26 27 34 26 34 33 27 28 35 27 35 34 28 29 36 28 36 35 29 30 37 29 37 36 30 31 38 30 38 37 31 32 39 31 39 38 32 26 33 32 33 39 40 41 42 40 42 43 40 43 44 40 44 45 40 45 46 40 46 47 40 47 41 41 48 49 41 49 42 42 49 50 42 50 43 43 50 51 43 51 44 44 51 52 44 52 45 45 52 53 45 53 46 46 53 54 46 54 47 47 54 48 47 48 41 55 49 48 55 50 49 55 51 50 55 52 51 55 53 52 55 54 53 55 48 54 56 57 58 56 58 59 56 59 60 56 60 61 56 61 62 56 62 63 56 63 57 57 64 65 57 65 58 58 65 66 58 66 59 59 66 67 59 67 60 60 67 68 60 68 61 61 68 69 61 69 62 62 69 70 62 70 63 63 70 64 63 64 57 71 65 64 71 66 65 71 67 66 71 68 67 71 69 68 71 70 69 71 64 70 72 73 79 72 79 78 73 74 80 73 80 79 74 75 81 74 81 80 75 76 82 75 82 81 76 77 83 76 83 82 77 72 78 77 78 83 84 85 91 84 91 90 85 86 92 85 92 91 86 87 93 86 93 92 87 88 94 87 94 93 88 89 95 88 95 94 89 84 90 89 90 95 96 97 103 96 103 102 97 98 104 97 104 103 98 99 105 98 105 104 99 100 106 99 106 105 100 101 107 100 107 106 101 96 102 101 102 107 108 109 115 108 115 114 109 110 116 109 116 115 110 111 117 110 117 116 111 112 118 111 118 117 112 113 119 112 119 118 113 108 114 113 114 119 120 121 127 120 127 126 121 122 128 121 128 127 122 123 129 122 129 128 123 124 130 123 130 129 124 125 131 124 131 130 125 120 126 125 126 131 132 133 138 132 138 137 133 134 139 133 139 138 134 135 140 134 140 139 135 136 141 135 141 140 136 132 137 136 137 141 142 143 148 142 148 147 143 144 149 143 149 148 144 145 150 144 150 149 145 146 151 145 151 150 146 142 147 146 147 151</p>
        </triangles>
      </mesh>
    </geometry>
    <geometry id="Horse_Pole_04-mesh" name="Horse_Pole_04">
      <mesh>
        <source id="Horse_Pole_04-positions">
          <float_array id="Horse_Pole_04-positions-array" count="48">0.042772 -1.975000 -0.000000 0.025829 -1.975000 -0.035182 -0.012242 -1.975000 -0.043872 -0.042772 -1.975000 -0.019525 -0.042772 -1.975000 0.019525 -0.012242 -1.975000 0.043872 0.025829 -1.975000 0.035182 0.042772 1.975000 -0.000000 0.025829 1.975000 -0.035182 -0.012242 1.975000 -0.043872 -0.042772 1.975000 -0.019525 -0.042772 1.975000 0.019525 -0.012242 1.975000 0.043872 0.025829 1.975000 0.035182 -0.002228 -1.975000 -0.000000 -0.002228 1.975000 -0.000000</float_array>
          <technique_common>
            <accessor source="#Horse_Pole_04-positions-array" count="16" stride="3">
              <param name="X" type="float" />
              <param name="Y" type="float" />
              <param name="Z" type="float" />
            </accessor>
          </technique_common>
        </source>
        <vertices id="Horse_Pole_04-vertices">
          <input semantic="POSITION" source="#Horse_Pole_04-positions" />
        </vertices>
        <triangles material="Gold" count="28">
          <input semantic="VERTEX" source="#Horse_Pole_04-vertices" offset="0" />
          <p>0 1 8 0 8 7 14 1 0 15 7 8 1 2 9 1 9 8 14 2 1 15 8 9 2 3 10 2 10 9 14 3 2 15 9 10 3 4 11 3 11 10 14 4 3 15 10 11 4 5 12 4 12 11 14 5 4 15 11 12 5 6 13 5 13 12 14 6 5 15 12 13 6 0 7 6 7 13 14 0 6 15 13 7</p>
        </triangles>
      </mesh>
    </geometry>
    <geometry id="Horse_05-mesh" name="Horse_05">
      <mesh>
        <source id="Horse_05-positions">
          <float_array id="Horse_05-positions-array" count="456">0.000000 0.174420 -0.145388 0.000000 0.074836 0.293018 0.125000 0.074836 0.164612 0.176777 0.074836 -0.145388 0.125000 0.074836 -0.455388 0.000000 0.074836 -0.583794 -0.125000 0.074836 -0.455388 -0.176777 0.074836 -0.145388 -0.125000 0.074836 0.164612 0.000000 -0.165580 0.474612 0.176777 -0.165580 0.293018 0.250000 -0.165580 -0.145388 0.176777 -0.165580 -0.583794 0.000000 -0.165580 -0.765388 -0.176777 -0.165580 -0.583794 -0.250000 -0.165580 -0.145388 -0.176777 -0.165580 0.293018 0.000000 -0.405997 0.293018 0.125000 -0.405997 0.164612 0.176777 -0.405997 -0.145388 0.125000 -0.405997 -0.455388 0.000000 -0.405997 -0.583794 -0.125000 -0.405997 -0.455388 -0.176777 -0.405997 -0.145388 -0.125000 -0.405997 0.164612 0.000000 -0.505580 -0.145388 -0.190000 -0.005580 0.204612 -0.118463 -0.080997 0.332592 0.042279 -0.099623 0.364200 0.171184 -0.047434 0.275636 0.171184 0.036273 0.133589 0.042279 0.088463 0.045024 -0.118463 0.069836 0.076632 -0.190000 0.554420 0.534612 -0.118463 0.479003 0.662592 0.042279 0.460377 0.694200 0.171184 0.512566 0.605636 0.171184 0.596273 0.463589 0.042279 0.648463 0.375024 -0.118463 0.629836 0.406632 0.000000 0.854420 0.674612 0.000000 0.734420 0.969061 0.135417 0.734420 0.858198 0.168862 0.734420 0.609091 0.075151 0.734420 0.409323 -0.075151 0.734420 0.409323 -0.168862 0.734420 0.609091 -0.135417 0.734420 0.858198 0.000000 0.494420 0.969061 0.135417 0.494420 0.858198 0.168862 0.494420 0.609091 0.075151 0.494420 0.409323 -0.075151 0.494420 0.409323 -0.168862 0.494420 0.609091 -0.135417 0.494420 0.858198 0.000000 0.374420 0.674612 0.000000 0.674420 0.934612 -0.000000 0.604420 1.133798 0.108334 0.604420 1.058803 0.135090 0.604420 0.890289 0.060121 0.604420 0.755152 -0.060121 0.604420 0.755152 -0.135090 0.604420 0.890289 -0.108334 0.604420 1.058803 -0.000000 0.464420 1.133798 0.108334 0.464420 1.058803 0.135090 0.464420 0.890289 0.060121 0.464420 0.755152 -0.060121 0.464420 0.755152 -0.135090 0.464420 0.890289 -0.108334 0.464420 1.058803 0.000000 0.394420 0.934612 -0.140000 -0.334002 -0.421287 -0.204952 -0.339791 -0.458337 -0.204952 -0.351370 -0.532438 -0.140000 -0.357159 -0.569489 -0.075048 -0.351370 -0.532438 -0.075048 -0.339791 -0.458337 -0.140000 -0.974002 -0.321287 -0.204952 -0.979791 -0.358337 -0.204952 -0.991370 -0.432438 -0.140000 -0.997159 -0.469489 -0.075048 -0.991370 -0.432438 -0.075048 -0.979791 -0.358337 -0.140000 -0.334002 0.268713 -0.204952 -0.339791 0.231663 -0.204952 -0.351370 0.157562 -0.140000 -0.357159 0.120511 -0.075048 -0.351370 0.157562 -0.075048 -0.339791 0.231663 -0.140000 -0.974002 0.368713 -0.204952 -0.979791 0.331663 -0.204952 -0.991370 0.257562 -0.140000 -0.997159 0.220511 -0.075048 -0.991370 0.257562 -0.075048 -0.979791 0.331663 0.140000 -0.334002 -0.421287 0.075048 -0.339791 -0.458337 0.075048 -0.351370 -0.532438 0.140000 -0.357159 -0.569489 0.204952 -0.351370 -0.532438 0.204952 -0.339791 -0.458337 0.140000 -0.974002 -0.321287 0.075048 -0.979791 -0.358337 0.075048 -0.991370 -0.432438 0.140000 -0.997159 -0.469489 0.204952 -0.991370 -0.432438 0.204952 -0.979791 -0.358337 0.140000 -0.334002 0.268713 0.075048 -0.339791 0.231663 0.075048 -0.351370 0.157562 0.140000 -0.357159 0.120511 0.204952 -0.351370 0.157562 0.204952 -0.339791 0.231663 0.140000 -0.974002 0.368713 0.075048 -0.979791 0.331663 0.075048 -0.991370 0.257562 0.140000 -0.997159 0.220511 0.204952 -0.991370 0.257562 0.204952 -0.979791 0.331663 0.075000 -0.115580 -0.645388 0.037500 -0.167958 -0.606978 -0.037500 -0.167958 -0.606978 -0.075000 -0.115580 -0.645388 -0.037500 -0.063203 -0.683798 0.037500 -0.063203 -0.683798 0.075000 -0.445580 -1.095388 0.037500 -0.497958 -1.056978 -0.037500 -0.497958 -1.056978 -0.075000 -0.445580 -1.095388 -0.037500 -0.393203 -1.133798 0.037500 -0.393203 -1.133798 -0.100000 0.787159 0.531108 -0.152308 0.778356 0.568078 -0.132328 0.764113 0.627898 -0.067672 0.764113 0.627898 -0.047692 0.778356 0.568078 -0.100000 0.997159 0.581108 -0.152308 0.988356 0.618078 -0.132328 0.974113 0.677898 -0.067672 0.974113 0.677898 -0.047692 0.988356 0.618078 0.100000 0.787159 0.531108 0.047692 0.778356 0.568078 0.067672 0.764113 0.627898 0.132328 0.764113 0.627898 0.152308 0.778356 0.568078 0.100000 0.997159 0.581108 0.047692 0.988356 0.618078 0.067672 0.974113 0.677898 0.132328 0.974113 0.677898 0.152308 0.988356 0.618078</float_array>
          <technique_common>
            <accessor source="#Horse_05-positions-array" count="152" stride="3">
              <param name="X" type="float" />
              <param name="Y" type="float" />
              <param name="Z" type="float" />
            </accessor>
          </technique_common>
        </source>
        <vertices id="Horse_05-vertices">
          <input semantic="POSITION" source="#Horse_05-positions" />
        </vertices>
        <triangles material="Horse_White" count="198">
          <input semantic="VERTEX" source="#Horse_05-vertices" offset="0" />
          <p>0 1 2 0 2 3 0 3 4 0 4 5 0 5 6 0 6 7 0 7 8 0 8 1 1 9 10 1 10 2 2 10 11 2 11 3 3 11 12 3 12 4 4 12 13 4 13 5 5 13 14 5 14 6 6 14 15 6 15 7 7 15 16 7 16 8 8 16 9 8 9 1 9 17 18 9 18 10 10 18 19 10 19 11 11 19 20 11 20 12 12 20 21 12 21 13 13 21 22 13 22 14 14 22 23 14 23 15 15 23 24 15 24 16 16 24 17 16 17 9 25 18 17 25 19 18 25 20 19 25 21 20 25 22 21 25 23 22 25 24 23 25 17 24 26 27 34 26 34 33 27 28 35 27 35 34 28 29 36 28 36 35 29 30 37 29 37 36 30 31 38 30 38 37 31 32 39 31 39 38 32 26 33 32 33 39 40 41 42 40 42 43 40 43 44 40 44 45 40 45 46 40 46 47 40 47 41 41 48 49 41 49 42 42 49 50 42 50 43 43 50 51 43 51 44 44 51 52 44 52 45 45 52 53 45 53 46 46 53 54 46 54 47 47 54 48 47 48 41 55 49 48 55 50 49 55 51 50 55 52 51 55 53 52 55 54 53 55 48 54 56 57 58 56 58 59 56 59 60 56 60 61 56 61 62 56 62 63 56 63 57 57 64 65 57 65 58 58 65 66 58 66 59 59 66 67 59 67 60 60 67 68 60 68 61 61 68 69 61 69 62 62 69 70 62 70 63 63 70 64 63 64 57 71 65 64 71 66 65 71 67 66 71 68 67 71 69 68 71 70 69 71 64 70 72 73 79 72 79 78 73 74 80 73 80 79 74 75 81 74 81 80 75 76 82 75 82 81 76 77 83 76 83 82 77 72 78 77 78 83 84 85 91 84 91 90 85 86 92 85 92 91 86 87 93 86 93 92 87 88 94 87 94 93 88 89 95 88 95 94 89 84 90 89 90 95 96 97 103 96 103 102 97 98 104 97 104 103 98 99 105 98 105 104 99 100 106 99 106 105 100 101 107 100 107 106 101 96 102 101 102 107 108 109 115 108 115 114 109 110 116 109 116 115 110 111 117 110 117 116 111 112 118 111 118 117 112 113 119 112 119 118 113 108 114 113 114 119 120 121 127 120 127 126 121 122 128 121 128 127 122 123 129 122 129 128 123 124 130 123 130 129 124 125 131 124 131 130 125 120 126 125 126 131 132 133 138 132 138 137 133 134 139 133 139 138 134 135 140 134 140 139 135 136 141 135 141 140 136 132 137 136 137 141 142 143 148 142 148 147 143 144 149 143 149 148 144 145 150 144 150 149 145 146 151 145 151 150 146 142 147 146 147 151</p>
        </triangles>
      </mesh>
    </geometry>
    <geometry id="Horse_Pole_05-mesh" name="Horse_Pole_05">
      <mesh>
        <source id="Horse_Pole_05-positions">
          <float_array id="Horse_Pole_05-positions-array" count="48">0.042772 -1.975000 -0.000000 0.025829 -1.975000 -0.035182 -0.012242 -1.975000 -0.043872 -0.042772 -1.975000 -0.019525 -0.042772 -1.975000 0.019525 -0.012242 -1.975000 0.043872 0.025829 -1.975000 0.035182 0.042772 1.975000 -0.000000 0.025829 1.975000 -0.035182 -0.012242 1.975000 -0.043872 -0.042772 1.975000 -0.019525 -0.042772 1.975000 0.019525 -0.012242 1.975000 0.043872 0.025829 1.975000 0.035182 -0.002228 -1.975000 -0.000000 -0.002228 1.975000 -0.000000</float_array>
          <technique_common>
            <accessor source="#Horse_Pole_05-positions-array" count="16" stride="3">
              <param name="X" type="float" />
              <param name="Y" type="float" />
              <param name="Z" type="float" />
            </accessor>
          </technique_common>
        </source>
        <vertices id="Horse_Pole_05-vertices">
          <input semantic="POSITION" source="#Horse_Pole_05-positions" />
        </vertices>
        <triangles material="Gold" count="28">
          <input semantic="VERTEX" source="#Horse_Pole_05-vertices" offset="0" />
          <p>0 1 8 0 8 7 14 1 0 15 7 8 1 2 9 1 9 8 14 2 1 15 8 9 2 3 10 2 10 9 14 3 2 15 9 10 3 4 11 3 11 10 14 4 3 15 10 11 4 5 12 4 12 11 14 5 4 15 11 12 5 6 13 5 13 12 14 6 5 15 12 13 6 0 7 6 7 13 14 0 6 15 13 7</p>
        </triangles>
      </mesh>
    </geometry>
    <geometry id="Horse_06-mesh" name="Horse_06">
      <mesh>
        <source id="Horse_06-positions">
          <float_array id="Horse_06-positions-array" count="456">-0.101333 0.174420 -0.101333 0.208667 0.074836 0.208667 0.206258 0.074836 0.029481 0.023667 0.074836 -0.226333 -0.232148 0.074836 -0.408925 -0.411333 0.074836 -0.411333 -0.408925 0.074836 -0.232148 -0.226333 0.074836 0.023667 0.029481 0.074836 0.206258 0.337073 -0.165580 0.337073 0.333667 -0.165580 0.083667 0.075443 -0.165580 -0.278110 -0.286333 -0.165580 -0.536333 -0.539740 -0.165580 -0.539740 -0.536333 -0.165580 -0.286333 -0.278110 -0.165580 0.075443 0.083667 -0.165580 0.333667 0.208667 -0.405997 0.208667 0.206258 -0.405997 0.029481 0.023667 -0.405997 -0.226333 -0.232148 -0.405997 -0.408925 -0.411333 -0.405997 -0.411333 -0.408925 -0.405997 -0.232148 -0.226333 -0.405997 0.023667 0.029481 -0.405997 0.206258 -0.101333 -0.505580 -0.101333 0.011804 -0.005580 0.280504 0.152883 -0.080997 0.320415 0.288896 -0.099623 0.229104 0.317421 -0.047434 0.075330 0.216978 0.036273 -0.025113 0.063204 0.088463 0.003412 -0.028107 0.069836 0.139425 0.245149 0.554420 0.513850 0.386229 0.479003 0.553761 0.522241 0.460377 0.462449 0.550766 0.512566 0.308675 0.450324 0.596273 0.208233 0.296549 0.648463 0.236758 0.205238 0.629836 0.372770 0.478494 0.854420 0.478494 0.686701 0.734420 0.686701 0.704063 0.734420 0.512555 0.551568 0.734420 0.312760 0.344046 0.734420 0.237767 0.237767 0.734420 0.344046 0.312760 0.734420 0.551568 0.512555 0.734420 0.704063 0.686701 0.494420 0.686701 0.704063 0.494420 0.512555 0.551568 0.494420 0.312760 0.344046 0.494420 0.237767 0.237767 0.494420 0.344046 0.312760 0.494420 0.551568 0.512555 0.494420 0.704063 0.478494 0.374420 0.478494 0.662342 0.674420 0.662342 0.803188 0.604420 0.803188 0.826761 0.604420 0.673554 0.726524 0.604420 0.535478 0.577956 0.604420 0.492933 0.492933 0.604420 0.577956 0.535478 0.604420 0.726524 0.673554 0.604420 0.826761 0.803188 0.464420 0.803188 0.826761 0.464420 0.673554 0.726524 0.464420 0.535478 0.577956 0.464420 0.492933 0.492933 0.464420 0.577956 0.535478 0.464420 0.726524 0.673554 0.464420 0.826761 0.662342 0.394420 0.662342 -0.395418 -0.334002 -0.197428 -0.467545 -0.339791 -0.177699 -0.519942 -0.351370 -0.230096 -0.500213 -0.357159 -0.302223 -0.428086 -0.351370 -0.321952 -0.375689 -0.339791 -0.269555 -0.324708 -0.974002 -0.126718 -0.396834 -0.979791 -0.106989 -0.449232 -0.991370 -0.159386 -0.429502 -0.997159 -0.231512 -0.357376 -0.991370 -0.251242 -0.304978 -0.979791 -0.198844 0.092485 -0.334002 0.290475 0.020359 -0.339791 0.310204 -0.032039 -0.351370 0.257807 -0.012309 -0.357159 0.185681 0.059817 -0.351370 0.165951 0.112215 -0.339791 0.218349 0.163196 -0.974002 0.361186 0.091069 -0.979791 0.380915 0.038672 -0.991370 0.328518 0.058401 -0.997159 0.256391 0.130528 -0.991370 0.236662 0.182925 -0.979791 0.289059 -0.197428 -0.334002 -0.395418 -0.269555 -0.339791 -0.375689 -0.321952 -0.351370 -0.428086 -0.302223 -0.357159 -0.500213 -0.230096 -0.351370 -0.519942 -0.177699 -0.339791 -0.467545 -0.126718 -0.974002 -0.324708 -0.198844 -0.979791 -0.304978 -0.251242 -0.991370 -0.357376 -0.231512 -0.997159 -0.429502 -0.159386 -0.991370 -0.449232 -0.106989 -0.979791 -0.396834 0.290475 -0.334002 0.092485 0.218349 -0.339791 0.112215 0.165951 -0.351370 0.059817 0.185681 -0.357159 -0.012309 0.257807 -0.351370 -0.032039 0.310204 -0.339791 0.020359 0.361186 -0.974002 0.163196 0.289059 -0.979791 0.182925 0.236662 -0.991370 0.130528 0.256391 -0.997159 0.058401 0.328518 -0.991370 0.038672 0.380915 -0.979791 0.091069 -0.401854 -0.115580 -0.507920 -0.401210 -0.167958 -0.454243 -0.454243 -0.167958 -0.401210 -0.507920 -0.115580 -0.401854 -0.508563 -0.063203 -0.455530 -0.455530 -0.063203 -0.508563 -0.720052 -0.445580 -0.826118 -0.719408 -0.497958 -0.772441 -0.772441 -0.497958 -0.719408 -0.826118 -0.445580 -0.720052 -0.826761 -0.393203 -0.773728 -0.773728 -0.393203 -0.826761 0.306311 0.787159 0.447732 0.295465 0.778356 0.510862 0.351892 0.764113 0.539033 0.397611 0.764113 0.493314 0.369440 0.778356 0.436887 0.341666 0.997159 0.483087 0.330821 0.988356 0.546217 0.387248 0.974113 0.574388 0.432967 0.974113 0.528669 0.404796 0.988356 0.472242 0.447732 0.787159 0.306311 0.436887 0.778356 0.369440 0.493314 0.764113 0.397611 0.539033 0.764113 0.351892 0.510862 0.778356 0.295465 0.483087 0.997159 0.341666 0.472242 0.988356 0.404796 0.528669 0.974113 0.432967 0.574388 0.974113 0.387248 0.546217 0.988356 0.330821</float_array>
          <technique_common>
            <accessor source="#Horse_06-positions-array" count="152" stride="3">
              <param name="X" type="float" />
              <param name="Y" type="float" />
              <param name="Z" type="float" />
            </accessor>
          </technique_common>
        </source>
        <vertices id="Horse_06-vertices">
          <input semantic="POSITION" source="#Horse_06-positions" />
        </vertices>
        <triangles material="Horse_Tan" count="198">
          <input semantic="VERTEX" source="#Horse_06-vertices" offset="0" />
          <p>0 1 2 0 2 3 0 3 4 0 4 5 0 5 6 0 6 7 0 7 8 0 8 1 1 9 10 1 10 2 2 10 11 2 11 3 3 11 12 3 12 4 4 12 13 4 13 5 5 13 14 5 14 6 6 14 15 6 15 7 7 15 16 7 16 8 8 16 9 8 9 1 9 17 18 9 18 10 10 18 19 10 19 11 11 19 20 11 20 12 12 20 21 12 21 13 13 21 22 13 22 14 14 22 23 14 23 15 15 23 24 15 24 16 16 24 17 16 17 9 25 18 17 25 19 18 25 20 19 25 21 20 25 22 21 25 23 22 25 24 23 25 17 24 26 27 34 26 34 33 27 28 35 27 35 34 28 29 36 28 36 35 29 30 37 29 37 36 30 31 38 30 38 37 31 32 39 31 39 38 32 26 33 32 33 39 40 41 42 40 42 43 40 43 44 40 44 45 40 45 46 40 46 47 40 47 41 41 48 49 41 49 42 42 49 50 42 50 43 43 50 51 43 51 44 44 51 52 44 52 45 45 52 53 45 53 46 46 53 54 46 54 47 47 54 48 47 48 41 55 49 48 55 50 49 55 51 50 55 52 51 55 53 52 55 54 53 55 48 54 56 57 58 56 58 59 56 59 60 56 60 61 56 61 62 56 62 63 56 63 57 57 64 65 57 65 58 58 65 66 58 66 59 59 66 67 59 67 60 60 67 68 60 68 61 61 68 69 61 69 62 62 69 70 62 70 63 63 70 64 63 64 57 71 65 64 71 66 65 71 67 66 71 68 67 71 69 68 71 70 69 71 64 70 72 73 79 72 79 78 73 74 80 73 80 79 74 75 81 74 81 80 75 76 82 75 82 81 76 77 83 76 83 82 77 72 78 77 78 83 84 85 91 84 91 90 85 86 92 85 92 91 86 87 93 86 93 92 87 88 94 87 94 93 88 89 95 88 95 94 89 84 90 89 90 95 96 97 103 96 103 102 97 98 104 97 104 103 98 99 105 98 105 104 99 100 106 99 106 105 100 101 107 100 107 106 101 96 102 101 102 107 108 109 115 108 115 114 109 110 116 109 116 115 110 111 117 110 117 116 111 112 118 111 118 117 112 113 119 112 119 118 113 108 114 113 114 119 120 121 127 120 127 126 121 122 128 121 128 127 122 123 129 122 129 128 123 124 130 123 130 129 124 125 131 124 131 130 125 120 126 125 126 131 132 133 138 132 138 137 133 134 139 133 139 138 134 135 140 134 140 139 135 136 141 135 141 140 136 132 137 136 137 141 142 143 148 142 148 147 143 144 149 143 149 148 144 145 150 144 150 149 145 146 151 145 151 150 146 142 147 146 147 151</p>
        </triangles>
      </mesh>
    </geometry>
    <geometry id="Horse_Pole_06-mesh" name="Horse_Pole_06">
      <mesh>
        <source id="Horse_Pole_06-positions">
          <float_array id="Horse_Pole_06-positions-array" count="48">0.042772 -1.975000 -0.000000 0.025829 -1.975000 -0.035182 -0.012242 -1.975000 -0.043872 -0.042772 -1.975000 -0.019525 -0.042772 -1.975000 0.019525 -0.012242 -1.975000 0.043872 0.025829 -1.975000 0.035182 0.042772 1.975000 -0.000000 0.025829 1.975000 -0.035182 -0.012242 1.975000 -0.043872 -0.042772 1.975000 -0.019525 -0.042772 1.975000 0.019525 -0.012242 1.975000 0.043872 0.025829 1.975000 0.035182 -0.002228 -1.975000 -0.000000 -0.002228 1.975000 -0.000000</float_array>
          <technique_common>
            <accessor source="#Horse_Pole_06-positions-array" count="16" stride="3">
              <param name="X" type="float" />
              <param name="Y" type="float" />
              <param name="Z" type="float" />
            </accessor>
          </technique_common>
        </source>
        <vertices id="Horse_Pole_06-vertices">
          <input semantic="POSITION" source="#Horse_Pole_06-positions" />
        </vertices>
        <triangles material="Gold" count="28">
          <input semantic="VERTEX" source="#Horse_Pole_06-vertices" offset="0" />
          <p>0 1 8 0 8 7 14 1 0 15 7 8 1 2 9 1 9 8 14 2 1 15 8 9 2 3 10 2 10 9 14 3 2 15 9 10 3 4 11 3 11 10 14 4 3 15 10 11 4 5 12 4 12 11 14 5 4 15 11 12 5 6 13 5 13 12 14 6 5 15 12 13 6 0 7 6 7 13 14 0 6 15 13 7</p>
        </triangles>
      </mesh>
    </geometry>
    <geometry id="Horse_07-mesh" name="Horse_07">
      <mesh>
        <source id="Horse_07-positions">
          <float_array id="Horse_07-positions-array" count="456">-0.145388 0.174420 -0.000000 0.293018 0.074836 -0.000000 0.164612 0.074836 -0.125000 -0.145388 0.074836 -0.176777 -0.455388 0.074836 -0.125000 -0.583794 0.074836 -0.000000 -0.455388 0.074836 0.125000 -0.145388 0.074836 0.176777 0.164612 0.074836 0.125000 0.474612 -0.165580 -0.000000 0.293018 -0.165580 -0.176777 -0.145388 -0.165580 -0.250000 -0.583794 -0.165580 -0.176777 -0.765388 -0.165580 -0.000000 -0.583794 -0.165580 0.176777 -0.145388 -0.165580 0.250000 0.293018 -0.165580 0.176777 0.293018 -0.405997 -0.000000 0.164612 -0.405997 -0.125000 -0.145388 -0.405997 -0.176777 -0.455388 -0.405997 -0.125000 -0.583794 -0.405997 -0.000000 -0.455388 -0.405997 0.125000 -0.145388 -0.405997 0.176777 0.164612 -0.405997 0.125000 -0.145388 -0.505580 -0.000000 0.204612 -0.005580 0.190000 0.332592 -0.080997 0.118463 0.364200 -0.099623 -0.042279 0.275636 -0.047434 -0.171184 0.133589 0.036273 -0.171184 0.045024 0.088463 -0.042279 0.076632 0.069836 0.118463 0.534612 0.554420 0.190000 0.662592 0.479003 0.118463 0.694200 0.460377 -0.042279 0.605636 0.512566 -0.171184 0.463589 0.596273 -0.171184 0.375024 0.648463 -0.042279 0.406632 0.629836 0.118463 0.674612 0.854420 -0.000000 0.969061 0.734420 0.000000 0.858198 0.734420 -0.135417 0.609091 0.734420 -0.168862 0.409323 0.734420 -0.075151 0.409323 0.734420 0.075151 0.609091 0.734420 0.168862 0.858198 0.734420 0.135417 0.969061 0.494420 0.000000 0.858198 0.494420 -0.135417 0.609091 0.494420 -0.168862 0.409323 0.494420 -0.075151 0.409323 0.494420 0.075151 0.609091 0.494420 0.168862 0.858198 0.494420 0.135417 0.674612 0.374420 -0.000000 0.934612 0.674420 0.000000 1.133798 0.604420 0.000000 1.058803 0.604420 -0.108334 0.890289 0.604420 -0.135090 0.755152 0.604420 -0.060121 0.755152 0.604420 0.060121 0.890289 0.604420 0.135090 1.058803 0.604420 0.108334 1.133798 0.464420 0.000000 1.058803 0.464420 -0.108334 0.890289 0.464420 -0.135090 0.755152 0.464420 -0.060121 0.755152 0.464420 0.060121 0.890289 0.464420 0.135090 1.058803 0.464420 0.108334 0.934612 0.394420 0.000000 -0.421287 -0.334002 0.140000 -0.458337 -0.339791 0.204952 -0.532438 -0.351370 0.204952 -0.569489 -0.357159 0.140000 -0.532438 -0.351370 0.075048 -0.458337 -0.339791 0.075048 -0.321287 -0.974002 0.140000 -0.358337 -0.979791 0.204952 -0.432438 -0.991370 0.204952 -0.469489 -0.997159 0.140000 -0.432438 -0.991370 0.075048 -0.358337 -0.979791 0.075048 0.268713 -0.334002 0.140000 0.231663 -0.339791 0.204952 0.157562 -0.351370 0.204952 0.120511 -0.357159 0.140000 0.157562 -0.351370 0.075048 0.231663 -0.339791 0.075048 0.368713 -0.974002 0.140000 0.331663 -0.979791 0.204952 0.257562 -0.991370 0.204952 0.220511 -0.997159 0.140000 0.257562 -0.991370 0.075048 0.331663 -0.979791 0.075048 -0.421287 -0.334002 -0.140000 -0.458337 -0.339791 -0.075048 -0.532438 -0.351370 -0.075048 -0.569489 -0.357159 -0.140000 -0.532438 -0.351370 -0.204952 -0.458337 -0.339791 -0.204952 -0.321287 -0.974002 -0.140000 -0.358337 -0.979791 -0.075048 -0.432438 -0.991370 -0.075048 -0.469489 -0.997159 -0.140000 -0.432438 -0.991370 -0.204952 -0.358337 -0.979791 -0.204952 0.268713 -0.334002 -0.140000 0.231663 -0.339791 -0.075048 0.157562 -0.351370 -0.075048 0.120511 -0.357159 -0.140000 0.157562 -0.351370 -0.204952 0.231663 -0.339791 -0.204952 0.368713 -0.974002 -0.140000 0.331663 -0.979791 -0.075048 0.257562 -0.991370 -0.075048 0.220511 -0.997159 -0.140000 0.257562 -0.991370 -0.204952 0.331663 -0.979791 -0.204952 -0.645388 -0.115580 -0.075000 -0.606978 -0.167958 -0.037500 -0.606978 -0.167958 0.037500 -0.645388 -0.115580 0.075000 -0.683798 -0.063203 0.037500 -0.683798 -0.063203 -0.037500 -1.095388 -0.445580 -0.075000 -1.056978 -0.497958 -0.037500 -1.056978 -0.497958 0.037500 -1.095388 -0.445580 0.075000 -1.133798 -0.393203 0.037500 -1.133798 -0.393203 -0.037500 0.531108 0.787159 0.100000 0.568078 0.778356 0.152308 0.627898 0.764113 0.132328 0.627898 0.764113 0.067672 0.568078 0.778356 0.047692 0.581108 0.997159 0.100000 0.618078 0.988356 0.152308 0.677898 0.974113 0.132328 0.677898 0.974113 0.067672 0.618078 0.988356 0.047692 0.531108 0.787159 -0.100000 0.568078 0.778356 -0.047692 0.627898 0.764113 -0.067672 0.627898 0.764113 -0.132328 0.568078 0.778356 -0.152308 0.581108 0.997159 -0.100000 0.618078 0.988356 -0.047692 0.677898 0.974113 -0.067672 0.677898 0.974113 -0.132328 0.618078 0.988356 -0.152308</float_array>
          <technique_common>
            <accessor source="#Horse_07-positions-array" count="152" stride="3">
              <param name="X" type="float" />
              <param name="Y" type="float" />
              <param name="Z" type="float" />
            </accessor>
          </technique_common>
        </source>
        <vertices id="Horse_07-vertices">
          <input semantic="POSITION" source="#Horse_07-positions" />
        </vertices>
        <triangles material="Horse_White" count="198">
          <input semantic="VERTEX" source="#Horse_07-vertices" offset="0" />
          <p>0 1 2 0 2 3 0 3 4 0 4 5 0 5 6 0 6 7 0 7 8 0 8 1 1 9 10 1 10 2 2 10 11 2 11 3 3 11 12 3 12 4 4 12 13 4 13 5 5 13 14 5 14 6 6 14 15 6 15 7 7 15 16 7 16 8 8 16 9 8 9 1 9 17 18 9 18 10 10 18 19 10 19 11 11 19 20 11 20 12 12 20 21 12 21 13 13 21 22 13 22 14 14 22 23 14 23 15 15 23 24 15 24 16 16 24 17 16 17 9 25 18 17 25 19 18 25 20 19 25 21 20 25 22 21 25 23 22 25 24 23 25 17 24 26 27 34 26 34 33 27 28 35 27 35 34 28 29 36 28 36 35 29 30 37 29 37 36 30 31 38 30 38 37 31 32 39 31 39 38 32 26 33 32 33 39 40 41 42 40 42 43 40 43 44 40 44 45 40 45 46 40 46 47 40 47 41 41 48 49 41 49 42 42 49 50 42 50 43 43 50 51 43 51 44 44 51 52 44 52 45 45 52 53 45 53 46 46 53 54 46 54 47 47 54 48 47 48 41 55 49 48 55 50 49 55 51 50 55 52 51 55 53 52 55 54 53 55 48 54 56 57 58 56 58 59 56 59 60 56 60 61 56 61 62 56 62 63 56 63 57 57 64 65 57 65 58 58 65 66 58 66 59 59 66 67 59 67 60 60 67 68 60 68 61 61 68 69 61 69 62 62 69 70 62 70 63 63 70 64 63 64 57 71 65 64 71 66 65 71 67 66 71 68 67 71 69 68 71 70 69 71 64 70 72 73 79 72 79 78 73 74 80 73 80 79 74 75 81 74 81 80 75 76 82 75 82 81 76 77 83 76 83 82 77 72 78 77 78 83 84 85 91 84 91 90 85 86 92 85 92 91 86 87 93 86 93 92 87 88 94 87 94 93 88 89 95 88 95 94 89 84 90 89 90 95 96 97 103 96 103 102 97 98 104 97 104 103 98 99 105 98 105 104 99 100 106 99 106 105 100 101 107 100 107 106 101 96 102 101 102 107 108 109 115 108 115 114 109 110 116 109 116 115 110 111 117 110 117 116 111 112 118 111 118 117 112 113 119 112 119 118 113 108 114 113 114 119 120 121 127 120 127 126 121 122 128 121 128 127 122 123 129 122 129 128 123 124 130 123 130 129 124 125 131 124 131 130 125 120 126 125 126 131 132 133 138 132 138 137 133 134 139 133 139 138 134 135 140 134 140 139 135 136 141 135 141 140 136 132 137 136 137 141 142 143 148 142 148 147 143 144 149 143 149 148 144 145 150 144 150 149 145 146 151 145 151 150 146 142 147 146 147 151</p>
        </triangles>
      </mesh>
    </geometry>
    <geometry id="Horse_Pole_07-mesh" name="Horse_Pole_07">
      <mesh>
        <source id="Horse_Pole_07-positions">
          <float_array id="Horse_Pole_07-positions-array" count="48">0.042772 -1.975000 -0.000000 0.025829 -1.975000 -0.035182 -0.012242 -1.975000 -0.043872 -0.042772 -1.975000 -0.019525 -0.042772 -1.975000 0.019525 -0.012242 -1.975000 0.043872 0.025829 -1.975000 0.035182 0.042772 1.975000 -0.000000 0.025829 1.975000 -0.035182 -0.012242 1.975000 -0.043872 -0.042772 1.975000 -0.019525 -0.042772 1.975000 0.019525 -0.012242 1.975000 0.043872 0.025829 1.975000 0.035182 -0.002228 -1.975000 -0.000000 -0.002228 1.975000 -0.000000</float_array>
          <technique_common>
            <accessor source="#Horse_Pole_07-positions-array" count="16" stride="3">
              <param name="X" type="float" />
              <param name="Y" type="float" />
              <param name="Z" type="float" />
            </accessor>
          </technique_common>
        </source>
        <vertices id="Horse_Pole_07-vertices">
          <input semantic="POSITION" source="#Horse_Pole_07-positions" />
        </vertices>
        <triangles material="Gold" count="28">
          <input semantic="VERTEX" source="#Horse_Pole_07-vertices" offset="0" />
          <p>0 1 8 0 8 7 14 1 0 15 7 8 1 2 9 1 9 8 14 2 1 15 8 9 2 3 10 2 10 9 14 3 2 15 9 10 3 4 11 3 11 10 14 4 3 15 10 11 4 5 12 4 12 11 14 5 4 15 11 12 5 6 13 5 13 12 14 6 5 15 12 13 6 0 7 6 7 13 14 0 6 15 13 7</p>
        </triangles>
      </mesh>
    </geometry>
    <geometry id="Horse_08-mesh" name="Horse_08">
      <mesh>
        <source id="Horse_08-positions">
          <float_array id="Horse_08-positions-array" count="456">-0.101333 0.174420 0.101333 0.208667 0.074836 -0.208667 0.029481 0.074836 -0.206258 -0.226333 0.074836 -0.023667 -0.408925 0.074836 0.232148 -0.411333 0.074836 0.411333 -0.232148 0.074836 0.408925 0.023667 0.074836 0.226333 0.206258 0.074836 -0.029481 0.337073 -0.165580 -0.337073 0.083667 -0.165580 -0.333667 -0.278110 -0.165580 -0.075443 -0.536333 -0.165580 0.286333 -0.539740 -0.165580 0.539740 -0.286333 -0.165580 0.536333 0.075443 -0.165580 0.278110 0.333667 -0.165580 -0.083667 0.208667 -0.405997 -0.208667 0.029481 -0.405997 -0.206258 -0.226333 -0.405997 -0.023667 -0.408925 -0.405997 0.232148 -0.411333 -0.405997 0.411333 -0.232148 -0.405997 0.408925 0.023667 -0.405997 0.226333 0.206258 -0.405997 -0.029481 -0.101333 -0.505580 0.101333 0.280504 -0.005580 -0.011804 0.320415 -0.080997 -0.152883 0.229104 -0.099623 -0.288896 0.075330 -0.047434 -0.317421 -0.025113 0.036273 -0.216978 0.003412 0.088463 -0.063204 0.139425 0.069836 0.028107 0.513850 0.554420 -0.245149 0.553761 0.479003 -0.386229 0.462449 0.460377 -0.522241 0.308675 0.512566 -0.550766 0.208233 0.596273 -0.450324 0.236758 0.648463 -0.296549 0.372770 0.629836 -0.205238 0.478494 0.854420 -0.478494 0.686701 0.734420 -0.686701 0.512555 0.734420 -0.704063 0.312760 0.734420 -0.551568 0.237767 0.734420 -0.344046 0.344046 0.734420 -0.237767 0.551568 0.734420 -0.312760 0.704063 0.734420 -0.512555 0.686701 0.494420 -0.686701 0.512555 0.494420 -0.704063 0.312760 0.494420 -0.551568 0.237767 0.494420 -0.344046 0.344046 0.494420 -0.237767 0.551568 0.494420 -0.312760 0.704063 0.494420 -0.512555 0.478494 0.374420 -0.478494 0.662342 0.674420 -0.662342 0.803188 0.604420 -0.803188 0.673554 0.604420 -0.826761 0.535478 0.604420 -0.726524 0.492933 0.604420 -0.577956 0.577956 0.604420 -0.492933 0.726524 0.604420 -0.535478 0.826761 0.604420 -0.673554 0.803188 0.464420 -0.803188 0.673554 0.464420 -0.826761 0.535478 0.464420 -0.726524 0.492933 0.464420 -0.577956 0.577956 0.464420 -0.492933 0.726524 0.464420 -0.535478 0.826761 0.464420 -0.673554 0.662342 0.394420 -0.662342 -0.197428 -0.334002 0.395418 -0.177699 -0.339791 0.467545 -0.230096 -0.351370 0.519942 -0.302223 -0.357159 0.500213 -0.321952 -0.351370 0.428086 -0.269555 -0.339791 0.375689 -0.126718 -0.974002 0.324708 -0.106989 -0.979791 0.396834 -0.159386 -0.991370 0.449232 -0.231512 -0.997159 0.429502 -0.251242 -0.991370 0.357376 -0.198844 -0.979791 0.304978 0.290475 -0.334002 -0.092485 0.310204 -0.339791 -0.020359 0.257807 -0.351370 0.032039 0.185681 -0.357159 0.012309 0.165951 -0.351370 -0.059817 0.218349 -0.339791 -0.112215 0.361186 -0.974002 -0.163196 0.380915 -0.979791 -0.091069 0.328518 -0.991370 -0.038672 0.256391 -0.997159 -0.058401 0.236662 -0.991370 -0.130528 0.289059 -0.979791 -0.182925 -0.395418 -0.334002 0.197428 -0.375689 -0.339791 0.269555 -0.428086 -0.351370 0.321952 -0.500213 -0.357159 0.302223 -0.519942 -0.351370 0.230096 -0.467545 -0.339791 0.177699 -0.324708 -0.974002 0.126718 -0.304978 -0.979791 0.198844 -0.357376 -0.991370 0.251242 -0.429502 -0.997159 0.231512 -0.449232 -0.991370 0.159386 -0.396834 -0.979791 0.106989 0.092485 -0.334002 -0.290475 0.112215 -0.339791 -0.218349 0.059817 -0.351370 -0.165951 -0.012309 -0.357159 -0.185681 -0.032039 -0.351370 -0.257807 0.020359 -0.339791 -0.310204 0.163196 -0.974002 -0.361186 0.182925 -0.979791 -0.289059 0.130528 -0.991370 -0.236662 0.058401 -0.997159 -0.256391 0.038672 -0.991370 -0.328518 0.091069 -0.979791 -0.380915 -0.507920 -0.115580 0.401854 -0.454243 -0.167958 0.401210 -0.401210 -0.167958 0.454243 -0.401854 -0.115580 0.507920 -0.455530 -0.063203 0.508563 -0.508563 -0.063203 0.455530 -0.826118 -0.445580 0.720052 -0.772441 -0.497958 0.719408 -0.719408 -0.497958 0.772441 -0.720052 -0.445580 0.826118 -0.773728 -0.393203 0.826761 -0.826761 -0.393203 0.773728 0.447732 0.787159 -0.306311 0.510862 0.778356 -0.295465 0.539033 0.764113 -0.351892 0.493314 0.764113 -0.397611 0.436887 0.778356 -0.369440 0.483087 0.997159 -0.341666 0.546217 0.988356 -0.330821 0.574388 0.974113 -0.387248 0.528669 0.974113 -0.432967 0.472242 0.988356 -0.404796 0.306311 0.787159 -0.447732 0.369440 0.778356 -0.436887 0.397611 0.764113 -0.493314 0.351892 0.764113 -0.539033 0.295465 0.778356 -0.510862 0.341666 0.997159 -0.483087 0.404796 0.988356 -0.472242 0.432967 0.974113 -0.528669 0.387248 0.974113 -0.574388 0.330821 0.988356 -0.546217</float_array>
          <technique_common>
            <accessor source="#Horse_08-positions-array" count="152" stride="3">
              <param name="X" type="float" />
              <param name="Y" type="float" />
              <param name="Z" type="float" />
            </accessor>
          </technique_common>
        </source>
        <vertices id="Horse_08-vertices">
          <input semantic="POSITION" source="#Horse_08-positions" />
        </vertices>
        <triangles material="Horse_Tan" count="198">
          <input semantic="VERTEX" source="#Horse_08-vertices" offset="0" />
          <p>0 1 2 0 2 3 0 3 4 0 4 5 0 5 6 0 6 7 0 7 8 0 8 1 1 9 10 1 10 2 2 10 11 2 11 3 3 11 12 3 12 4 4 12 13 4 13 5 5 13 14 5 14 6 6 14 15 6 15 7 7 15 16 7 16 8 8 16 9 8 9 1 9 17 18 9 18 10 10 18 19 10 19 11 11 19 20 11 20 12 12 20 21 12 21 13 13 21 22 13 22 14 14 22 23 14 23 15 15 23 24 15 24 16 16 24 17 16 17 9 25 18 17 25 19 18 25 20 19 25 21 20 25 22 21 25 23 22 25 24 23 25 17 24 26 27 34 26 34 33 27 28 35 27 35 34 28 29 36 28 36 35 29 30 37 29 37 36 30 31 38 30 38 37 31 32 39 31 39 38 32 26 33 32 33 39 40 41 42 40 42 43 40 43 44 40 44 45 40 45 46 40 46 47 40 47 41 41 48 49 41 49 42 42 49 50 42 50 43 43 50 51 43 51 44 44 51 52 44 52 45 45 52 53 45 53 46 46 53 54 46 54 47 47 54 48 47 48 41 55 49 48 55 50 49 55 51 50 55 52 51 55 53 52 55 54 53 55 48 54 56 57 58 56 58 59 56 59 60 56 60 61 56 61 62 56 62 63 56 63 57 57 64 65 57 65 58 58 65 66 58 66 59 59 66 67 59 67 60 60 67 68 60 68 61 61 68 69 61 69 62 62 69 70 62 70 63 63 70 64 63 64 57 71 65 64 71 66 65 71 67 66 71 68 67 71 69 68 71 70 69 71 64 70 72 73 79 72 79 78 73 74 80 73 80 79 74 75 81 74 81 80 75 76 82 75 82 81 76 77 83 76 83 82 77 72 78 77 78 83 84 85 91 84 91 90 85 86 92 85 92 91 86 87 93 86 93 92 87 88 94 87 94 93 88 89 95 88 95 94 89 84 90 89 90 95 96 97 103 96 103 102 97 98 104 97 104 103 98 99 105 98 105 104 99 100 106 99 106 105 100 101 107 100 107 106 101 96 102 101 102 107 108 109 115 108 115 114 109 110 116 109 116 115 110 111 117 110 117 116 111 112 118 111 118 117 112 113 119 112 119 118 113 108 114 113 114 119 120 121 127 120 127 126 121 122 128 121 128 127 122 123 129 122 129 128 123 124 130 123 130 129 124 125 131 124 131 130 125 120 126 125 126 131 132 133 138 132 138 137 133 134 139 133 139 138 134 135 140 134 140 139 135 136 141 135 141 140 136 132 137 136 137 141 142 143 148 142 148 147 143 144 149 143 149 148 144 145 150 144 150 149 145 146 151 145 151 150 146 142 147 146 147 151</p>
        </triangles>
      </mesh>
    </geometry>
    <geometry id="Horse_Pole_08-mesh" name="Horse_Pole_08">
      <mesh>
        <source id="Horse_Pole_08-positions">
          <float_array id="Horse_Pole_08-positions-array" count="48">0.042772 -1.975000 -0.000000 0.025829 -1.975000 -0.035182 -0.012242 -1.975000 -0.043872 -0.042772 -1.975000 -0.019525 -0.042772 -1.975000 0.019525 -0.012242 -1.975000 0.043872 0.025829 -1.975000 0.035182 0.042772 1.975000 -0.000000 0.025829 1.975000 -0.035182 -0.012242 1.975000 -0.043872 -0.042772 1.975000 -0.019525 -0.042772 1.975000 0.019525 -0.012242 1.975000 0.043872 0.025829 1.975000 0.035182 -0.002228 -1.975000 -0.000000 -0.002228 1.975000 -0.000000</float_array>
          <technique_common>
            <accessor source="#Horse_Pole_08-positions-array" count="16" stride="3">
              <param name="X" type="float" />
              <param name="Y" type="float" />
              <param name="Z" type="float" />
            </accessor>
          </technique_common>
        </source>
        <vertices id="Horse_Pole_08-vertices">
          <input semantic="POSITION" source="#Horse_Pole_08-positions" />
        </vertices>
        <triangles material="Gold" count="28">
          <input semantic="VERTEX" source="#Horse_Pole_08-vertices" offset="0" />
          <p>0 1 8 0 8 7 14 1 0 15 7 8 1 2 9 1 9 8 14 2 1 15 8 9 2 3 10 2 10 9 14 3 2 15 9 10 3 4 11 3 11 10 14 4 3 15 10 11 4 5 12 4 12 11 14 5 4 15 11 12 5 6 13 5 13 12 14 6 5 15 12 13 6 0 7 6 7 13 14 0 6 15 13 7</p>
        </triangles>
      </mesh>
    </geometry>
    <geometry id="Light_01-mesh" name="Light_01">
      <mesh>
        <source id="Light_01-positions">
          <float_array id="Light_01-positions-array" count="42">0.000000 0.110000 0.000000 0.095263 0.055000 0.000000 0.047631 0.055000 -0.082500 -0.047631 0.055000 -0.082500 -0.095263 0.055000 -0.000000 -0.047631 0.055000 0.082500 0.047631 0.055000 0.082500 0.095263 -0.055000 0.000000 0.047631 -0.055000 -0.082500 -0.047631 -0.055000 -0.082500 -0.095263 -0.055000 -0.000000 -0.047631 -0.055000 0.082500 0.047631 -0.055000 0.082500 0.000000 -0.110000 0.000000</float_array>
          <technique_common>
            <accessor source="#Light_01-positions-array" count="14" stride="3">
              <param name="X" type="float" />
              <param name="Y" type="float" />
              <param name="Z" type="float" />
            </accessor>
          </technique_common>
        </source>
        <vertices id="Light_01-vertices">
          <input semantic="POSITION" source="#Light_01-positions" />
        </vertices>
        <triangles material="Lights" count="24">
          <input semantic="VERTEX" source="#Light_01-vertices" offset="0" />
          <p>0 1 2 0 2 3 0 3 4 0 4 5 0 5 6 0 6 1 1 7 8 1 8 2 2 8 9 2 9 3 3 9 10 3 10 4 4 10 11 4 11 5 5 11 12 5 12 6 6 12 7 6 7 1 13 8 7 13 9 8 13 10 9 13 11 10 13 12 11 13 7 12</p>
        </triangles>
      </mesh>
    </geometry>
    <geometry id="Light_02-mesh" name="Light_02">
      <mesh>
        <source id="Light_02-positions">
          <float_array id="Light_02-positions-array" count="42">0.000000 0.110000 -0.000000 0.095263 0.055000 -0.000000 0.047631 0.055000 -0.082500 -0.047631 0.055000 -0.082500 -0.095263 0.055000 -0.000000 -0.047631 0.055000 0.082500 0.047631 0.055000 0.082500 0.095263 -0.055000 -0.000000 0.047631 -0.055000 -0.082500 -0.047631 -0.055000 -0.082500 -0.095263 -0.055000 -0.000000 -0.047631 -0.055000 0.082500 0.047631 -0.055000 0.082500 0.000000 -0.110000 -0.000000</float_array>
          <technique_common>
            <accessor source="#Light_02-positions-array" count="14" stride="3">
              <param name="X" type="float" />
              <param name="Y" type="float" />
              <param name="Z" type="float" />
            </accessor>
          </technique_common>
        </source>
        <vertices id="Light_02-vertices">
          <input semantic="POSITION" source="#Light_02-positions" />
        </vertices>
        <triangles material="Lights" count="24">
          <input semantic="VERTEX" source="#Light_02-vertices" offset="0" />
          <p>0 1 2 0 2 3 0 3 4 0 4 5 0 5 6 0 6 1 1 7 8 1 8 2 2 8 9 2 9 3 3 9 10 3 10 4 4 10 11 4 11 5 5 11 12 5 12 6 6 12 7 6 7 1 13 8 7 13 9 8 13 10 9 13 11 10 13 12 11 13 7 12</p>
        </triangles>
      </mesh>
    </geometry>
    <geometry id="Light_03-mesh" name="Light_03">
      <mesh>
        <source id="Light_03-positions">
          <float_array id="Light_03-positions-array" count="42">0.000000 0.110000 -0.000000 0.095263 0.055000 -0.000000 0.047631 0.055000 -0.082500 -0.047631 0.055000 -0.082500 -0.095263 0.055000 -0.000000 -0.047631 0.055000 0.082500 0.047631 0.055000 0.082500 0.095263 -0.055000 -0.000000 0.047631 -0.055000 -0.082500 -0.047631 -0.055000 -0.082500 -0.095263 -0.055000 -0.000000 -0.047631 -0.055000 0.082500 0.047631 -0.055000 0.082500 0.000000 -0.110000 -0.000000</float_array>
          <technique_common>
            <accessor source="#Light_03-positions-array" count="14" stride="3">
              <param name="X" type="float" />
              <param name="Y" type="float" />
              <param name="Z" type="float" />
            </accessor>
          </technique_common>
        </source>
        <vertices id="Light_03-vertices">
          <input semantic="POSITION" source="#Light_03-positions" />
        </vertices>
        <triangles material="Lights" count="24">
          <input semantic="VERTEX" source="#Light_03-vertices" offset="0" />
          <p>0 1 2 0 2 3 0 3 4 0 4 5 0 5 6 0 6 1 1 7 8 1 8 2 2 8 9 2 9 3 3 9 10 3 10 4 4 10 11 4 11 5 5 11 12 5 12 6 6 12 7 6 7 1 13 8 7 13 9 8 13 10 9 13 11 10 13 12 11 13 7 12</p>
        </triangles>
      </mesh>
    </geometry>
    <geometry id="Light_04-mesh" name="Light_04">
      <mesh>
        <source id="Light_04-positions">
          <float_array id="Light_04-positions-array" count="42">0.000000 0.110000 -0.000000 0.095263 0.055000 -0.000000 0.047631 0.055000 -0.082500 -0.047631 0.055000 -0.082500 -0.095263 0.055000 -0.000000 -0.047631 0.055000 0.082500 0.047631 0.055000 0.082500 0.095263 -0.055000 -0.000000 0.047631 -0.055000 -0.082500 -0.047631 -0.055000 -0.082500 -0.095263 -0.055000 -0.000000 -0.047631 -0.055000 0.082500 0.047631 -0.055000 0.082500 0.000000 -0.110000 -0.000000</float_array>
          <technique_common>
            <accessor source="#Light_04-positions-array" count="14" stride="3">
              <param name="X" type="float" />
              <param name="Y" type="float" />
              <param name="Z" type="float" />
            </accessor>
          </technique_common>
        </source>
        <vertices id="Light_04-vertices">
          <input semantic="POSITION" source="#Light_04-positions" />
        </vertices>
        <triangles material="Lights" count="24">
          <input semantic="VERTEX" source="#Light_04-vertices" offset="0" />
          <p>0 1 2 0 2 3 0 3 4 0 4 5 0 5 6 0 6 1 1 7 8 1 8 2 2 8 9 2 9 3 3 9 10 3 10 4 4 10 11 4 11 5 5 11 12 5 12 6 6 12 7 6 7 1 13 8 7 13 9 8 13 10 9 13 11 10 13 12 11 13 7 12</p>
        </triangles>
      </mesh>
    </geometry>
    <geometry id="Light_05-mesh" name="Light_05">
      <mesh>
        <source id="Light_05-positions">
          <float_array id="Light_05-positions-array" count="42">0.000000 0.110000 -0.000000 0.095263 0.055000 -0.000000 0.047631 0.055000 -0.082500 -0.047631 0.055000 -0.082500 -0.095263 0.055000 -0.000000 -0.047631 0.055000 0.082500 0.047631 0.055000 0.082500 0.095263 -0.055000 -0.000000 0.047631 -0.055000 -0.082500 -0.047631 -0.055000 -0.082500 -0.095263 -0.055000 -0.000000 -0.047631 -0.055000 0.082500 0.047631 -0.055000 0.082500 0.000000 -0.110000 -0.000000</float_array>
          <technique_common>
            <accessor source="#Light_05-positions-array" count="14" stride="3">
              <param name="X" type="float" />
              <param name="Y" type="float" />
              <param name="Z" type="float" />
            </accessor>
          </technique_common>
        </source>
        <vertices id="Light_05-vertices">
          <input semantic="POSITION" source="#Light_05-positions" />
        </vertices>
        <triangles material="Lights" count="24">
          <input semantic="VERTEX" source="#Light_05-vertices" offset="0" />
          <p>0 1 2 0 2 3 0 3 4 0 4 5 0 5 6 0 6 1 1 7 8 1 8 2 2 8 9 2 9 3 3 9 10 3 10 4 4 10 11 4 11 5 5 11 12 5 12 6 6 12 7 6 7 1 13 8 7 13 9 8 13 10 9 13 11 10 13 12 11 13 7 12</p>
        </triangles>
      </mesh>
    </geometry>
    <geometry id="Light_06-mesh" name="Light_06">
      <mesh>
        <source id="Light_06-positions">
          <float_array id="Light_06-positions-array" count="42">0.000000 0.110000 -0.000000 0.095263 0.055000 -0.000000 0.047631 0.055000 -0.082500 -0.047631 0.055000 -0.082500 -0.095263 0.055000 -0.000000 -0.047631 0.055000 0.082500 0.047631 0.055000 0.082500 0.095263 -0.055000 -0.000000 0.047631 -0.055000 -0.082500 -0.047631 -0.055000 -0.082500 -0.095263 -0.055000 -0.000000 -0.047631 -0.055000 0.082500 0.047631 -0.055000 0.082500 0.000000 -0.110000 -0.000000</float_array>
          <technique_common>
            <accessor source="#Light_06-positions-array" count="14" stride="3">
              <param name="X" type="float" />
              <param name="Y" type="float" />
              <param name="Z" type="float" />
            </accessor>
          </technique_common>
        </source>
        <vertices id="Light_06-vertices">
          <input semantic="POSITION" source="#Light_06-positions" />
        </vertices>
        <triangles material="Lights" count="24">
          <input semantic="VERTEX" source="#Light_06-vertices" offset="0" />
          <p>0 1 2 0 2 3 0 3 4 0 4 5 0 5 6 0 6 1 1 7 8 1 8 2 2 8 9 2 9 3 3 9 10 3 10 4 4 10 11 4 11 5 5 11 12 5 12 6 6 12 7 6 7 1 13 8 7 13 9 8 13 10 9 13 11 10 13 12 11 13 7 12</p>
        </triangles>
      </mesh>
    </geometry>
    <geometry id="Light_07-mesh" name="Light_07">
      <mesh>
        <source id="Light_07-positions">
          <float_array id="Light_07-positions-array" count="42">0.000000 0.110000 -0.000000 0.095263 0.055000 -0.000000 0.047631 0.055000 -0.082500 -0.047631 0.055000 -0.082500 -0.095263 0.055000 -0.000000 -0.047631 0.055000 0.082500 0.047631 0.055000 0.082500 0.095263 -0.055000 -0.000000 0.047631 -0.055000 -0.082500 -0.047631 -0.055000 -0.082500 -0.095263 -0.055000 -0.000000 -0.047631 -0.055000 0.082500 0.047631 -0.055000 0.082500 0.000000 -0.110000 -0.000000</float_array>
          <technique_common>
            <accessor source="#Light_07-positions-array" count="14" stride="3">
              <param name="X" type="float" />
              <param name="Y" type="float" />
              <param name="Z" type="float" />
            </accessor>
          </technique_common>
        </source>
        <vertices id="Light_07-vertices">
          <input semantic="POSITION" source="#Light_07-positions" />
        </vertices>
        <triangles material="Lights" count="24">
          <input semantic="VERTEX" source="#Light_07-vertices" offset="0" />
          <p>0 1 2 0 2 3 0 3 4 0 4 5 0 5 6 0 6 1 1 7 8 1 8 2 2 8 9 2 9 3 3 9 10 3 10 4 4 10 11 4 11 5 5 11 12 5 12 6 6 12 7 6 7 1 13 8 7 13 9 8 13 10 9 13 11 10 13 12 11 13 7 12</p>
        </triangles>
      </mesh>
    </geometry>
    <geometry id="Light_08-mesh" name="Light_08">
      <mesh>
        <source id="Light_08-positions">
          <float_array id="Light_08-positions-array" count="42">0.000000 0.110000 -0.000000 0.095263 0.055000 -0.000000 0.047631 0.055000 -0.082500 -0.047631 0.055000 -0.082500 -0.095263 0.055000 -0.000000 -0.047631 0.055000 0.082500 0.047631 0.055000 0.082500 0.095263 -0.055000 -0.000000 0.047631 -0.055000 -0.082500 -0.047631 -0.055000 -0.082500 -0.095263 -0.055000 -0.000000 -0.047631 -0.055000 0.082500 0.047631 -0.055000 0.082500 0.000000 -0.110000 -0.000000</float_array>
          <technique_common>
            <accessor source="#Light_08-positions-array" count="14" stride="3">
              <param name="X" type="float" />
              <param name="Y" type="float" />
              <param name="Z" type="float" />
            </accessor>
          </technique_common>
        </source>
        <vertices id="Light_08-vertices">
          <input semantic="POSITION" source="#Light_08-positions" />
        </vertices>
        <triangles material="Lights" count="24">
          <input semantic="VERTEX" source="#Light_08-vertices" offset="0" />
          <p>0 1 2 0 2 3 0 3 4 0 4 5 0 5 6 0 6 1 1 7 8 1 8 2 2 8 9 2 9 3 3 9 10 3 10 4 4 10 11 4 11 5 5 11 12 5 12 6 6 12 7 6 7 1 13 8 7 13 9 8 13 10 9 13 11 10 13 12 11 13 7 12</p>
        </triangles>
      </mesh>
    </geometry>
    <geometry id="Light_09-mesh" name="Light_09">
      <mesh>
        <source id="Light_09-positions">
          <float_array id="Light_09-positions-array" count="42">0.000000 0.110000 0.000000 0.095263 0.055000 0.000000 0.047631 0.055000 -0.082500 -0.047631 0.055000 -0.082500 -0.095263 0.055000 -0.000000 -0.047631 0.055000 0.082500 0.047631 0.055000 0.082500 0.095263 -0.055000 0.000000 0.047631 -0.055000 -0.082500 -0.047631 -0.055000 -0.082500 -0.095263 -0.055000 -0.000000 -0.047631 -0.055000 0.082500 0.047631 -0.055000 0.082500 0.000000 -0.110000 0.000000</float_array>
          <technique_common>
            <accessor source="#Light_09-positions-array" count="14" stride="3">
              <param name="X" type="float" />
              <param name="Y" type="float" />
              <param name="Z" type="float" />
            </accessor>
          </technique_common>
        </source>
        <vertices id="Light_09-vertices">
          <input semantic="POSITION" source="#Light_09-positions" />
        </vertices>
        <triangles material="Lights" count="24">
          <input semantic="VERTEX" source="#Light_09-vertices" offset="0" />
          <p>0 1 2 0 2 3 0 3 4 0 4 5 0 5 6 0 6 1 1 7 8 1 8 2 2 8 9 2 9 3 3 9 10 3 10 4 4 10 11 4 11 5 5 11 12 5 12 6 6 12 7 6 7 1 13 8 7 13 9 8 13 10 9 13 11 10 13 12 11 13 7 12</p>
        </triangles>
      </mesh>
    </geometry>
    <geometry id="Light_10-mesh" name="Light_10">
      <mesh>
        <source id="Light_10-positions">
          <float_array id="Light_10-positions-array" count="42">0.000000 0.110000 -0.000000 0.095263 0.055000 -0.000000 0.047631 0.055000 -0.082500 -0.047631 0.055000 -0.082500 -0.095263 0.055000 -0.000000 -0.047631 0.055000 0.082500 0.047631 0.055000 0.082500 0.095263 -0.055000 -0.000000 0.047631 -0.055000 -0.082500 -0.047631 -0.055000 -0.082500 -0.095263 -0.055000 -0.000000 -0.047631 -0.055000 0.082500 0.047631 -0.055000 0.082500 0.000000 -0.110000 -0.000000</float_array>
          <technique_common>
            <accessor source="#Light_10-positions-array" count="14" stride="3">
              <param name="X" type="float" />
              <param name="Y" type="float" />
              <param name="Z" type="float" />
            </accessor>
          </technique_common>
        </source>
        <vertices id="Light_10-vertices">
          <input semantic="POSITION" source="#Light_10-positions" />
        </vertices>
        <triangles material="Lights" count="24">
          <input semantic="VERTEX" source="#Light_10-vertices" offset="0" />
          <p>0 1 2 0 2 3 0 3 4 0 4 5 0 5 6 0 6 1 1 7 8 1 8 2 2 8 9 2 9 3 3 9 10 3 10 4 4 10 11 4 11 5 5 11 12 5 12 6 6 12 7 6 7 1 13 8 7 13 9 8 13 10 9 13 11 10 13 12 11 13 7 12</p>
        </triangles>
      </mesh>
    </geometry>
    <geometry id="Light_11-mesh" name="Light_11">
      <mesh>
        <source id="Light_11-positions">
          <float_array id="Light_11-positions-array" count="42">0.000000 0.110000 -0.000000 0.095263 0.055000 -0.000000 0.047631 0.055000 -0.082500 -0.047631 0.055000 -0.082500 -0.095263 0.055000 -0.000000 -0.047631 0.055000 0.082500 0.047631 0.055000 0.082500 0.095263 -0.055000 -0.000000 0.047631 -0.055000 -0.082500 -0.047631 -0.055000 -0.082500 -0.095263 -0.055000 -0.000000 -0.047631 -0.055000 0.082500 0.047631 -0.055000 0.082500 0.000000 -0.110000 -0.000000</float_array>
          <technique_common>
            <accessor source="#Light_11-positions-array" count="14" stride="3">
              <param name="X" type="float" />
              <param name="Y" type="float" />
              <param name="Z" type="float" />
            </accessor>
          </technique_common>
        </source>
        <vertices id="Light_11-vertices">
          <input semantic="POSITION" source="#Light_11-positions" />
        </vertices>
        <triangles material="Lights" count="24">
          <input semantic="VERTEX" source="#Light_11-vertices" offset="0" />
          <p>0 1 2 0 2 3 0 3 4 0 4 5 0 5 6 0 6 1 1 7 8 1 8 2 2 8 9 2 9 3 3 9 10 3 10 4 4 10 11 4 11 5 5 11 12 5 12 6 6 12 7 6 7 1 13 8 7 13 9 8 13 10 9 13 11 10 13 12 11 13 7 12</p>
        </triangles>
      </mesh>
    </geometry>
    <geometry id="Light_12-mesh" name="Light_12">
      <mesh>
        <source id="Light_12-positions">
          <float_array id="Light_12-positions-array" count="42">0.000000 0.110000 -0.000000 0.095263 0.055000 -0.000000 0.047631 0.055000 -0.082500 -0.047631 0.055000 -0.082500 -0.095263 0.055000 -0.000000 -0.047631 0.055000 0.082500 0.047631 0.055000 0.082500 0.095263 -0.055000 -0.000000 0.047631 -0.055000 -0.082500 -0.047631 -0.055000 -0.082500 -0.095263 -0.055000 -0.000000 -0.047631 -0.055000 0.082500 0.047631 -0.055000 0.082500 0.000000 -0.110000 -0.000000</float_array>
          <technique_common>
            <accessor source="#Light_12-positions-array" count="14" stride="3">
              <param name="X" type="float" />
              <param name="Y" type="float" />
              <param name="Z" type="float" />
            </accessor>
          </technique_common>
        </source>
        <vertices id="Light_12-vertices">
          <input semantic="POSITION" source="#Light_12-positions" />
        </vertices>
        <triangles material="Lights" count="24">
          <input semantic="VERTEX" source="#Light_12-vertices" offset="0" />
          <p>0 1 2 0 2 3 0 3 4 0 4 5 0 5 6 0 6 1 1 7 8 1 8 2 2 8 9 2 9 3 3 9 10 3 10 4 4 10 11 4 11 5 5 11 12 5 12 6 6 12 7 6 7 1 13 8 7 13 9 8 13 10 9 13 11 10 13 12 11 13 7 12</p>
        </triangles>
      </mesh>
    </geometry>
    <geometry id="Light_13-mesh" name="Light_13">
      <mesh>
        <source id="Light_13-positions">
          <float_array id="Light_13-positions-array" count="42">-0.000000 0.110000 -0.000000 0.095263 0.055000 -0.000000 0.047631 0.055000 -0.082500 -0.047631 0.055000 -0.082500 -0.095263 0.055000 -0.000000 -0.047631 0.055000 0.082500 0.047631 0.055000 0.082500 0.095263 -0.055000 -0.000000 0.047631 -0.055000 -0.082500 -0.047631 -0.055000 -0.082500 -0.095263 -0.055000 -0.000000 -0.047631 -0.055000 0.082500 0.047631 -0.055000 0.082500 -0.000000 -0.110000 -0.000000</float_array>
          <technique_common>
            <accessor source="#Light_13-positions-array" count="14" stride="3">
              <param name="X" type="float" />
              <param name="Y" type="float" />
              <param name="Z" type="float" />
            </accessor>
          </technique_common>
        </source>
        <vertices id="Light_13-vertices">
          <input semantic="POSITION" source="#Light_13-positions" />
        </vertices>
        <triangles material="Lights" count="24">
          <input semantic="VERTEX" source="#Light_13-vertices" offset="0" />
          <p>0 1 2 0 2 3 0 3 4 0 4 5 0 5 6 0 6 1 1 7 8 1 8 2 2 8 9 2 9 3 3 9 10 3 10 4 4 10 11 4 11 5 5 11 12 5 12 6 6 12 7 6 7 1 13 8 7 13 9 8 13 10 9 13 11 10 13 12 11 13 7 12</p>
        </triangles>
      </mesh>
    </geometry>
    <geometry id="Light_14-mesh" name="Light_14">
      <mesh>
        <source id="Light_14-positions">
          <float_array id="Light_14-positions-array" count="42">0.000000 0.110000 -0.000000 0.095263 0.055000 -0.000000 0.047631 0.055000 -0.082500 -0.047631 0.055000 -0.082500 -0.095263 0.055000 -0.000000 -0.047631 0.055000 0.082500 0.047631 0.055000 0.082500 0.095263 -0.055000 -0.000000 0.047631 -0.055000 -0.082500 -0.047631 -0.055000 -0.082500 -0.095263 -0.055000 -0.000000 -0.047631 -0.055000 0.082500 0.047631 -0.055000 0.082500 0.000000 -0.110000 -0.000000</float_array>
          <technique_common>
            <accessor source="#Light_14-positions-array" count="14" stride="3">
              <param name="X" type="float" />
              <param name="Y" type="float" />
              <param name="Z" type="float" />
            </accessor>
          </technique_common>
        </source>
        <vertices id="Light_14-vertices">
          <input semantic="POSITION" source="#Light_14-positions" />
        </vertices>
        <triangles material="Lights" count="24">
          <input semantic="VERTEX" source="#Light_14-vertices" offset="0" />
          <p>0 1 2 0 2 3 0 3 4 0 4 5 0 5 6 0 6 1 1 7 8 1 8 2 2 8 9 2 9 3 3 9 10 3 10 4 4 10 11 4 11 5 5 11 12 5 12 6 6 12 7 6 7 1 13 8 7 13 9 8 13 10 9 13 11 10 13 12 11 13 7 12</p>
        </triangles>
      </mesh>
    </geometry>
    <geometry id="Light_15-mesh" name="Light_15">
      <mesh>
        <source id="Light_15-positions">
          <float_array id="Light_15-positions-array" count="42">0.000000 0.110000 -0.000000 0.095263 0.055000 -0.000000 0.047631 0.055000 -0.082500 -0.047631 0.055000 -0.082500 -0.095263 0.055000 -0.000000 -0.047631 0.055000 0.082500 0.047631 0.055000 0.082500 0.095263 -0.055000 -0.000000 0.047631 -0.055000 -0.082500 -0.047631 -0.055000 -0.082500 -0.095263 -0.055000 -0.000000 -0.047631 -0.055000 0.082500 0.047631 -0.055000 0.082500 0.000000 -0.110000 -0.000000</float_array>
          <technique_common>
            <accessor source="#Light_15-positions-array" count="14" stride="3">
              <param name="X" type="float" />
              <param name="Y" type="float" />
              <param name="Z" type="float" />
            </accessor>
          </technique_common>
        </source>
        <vertices id="Light_15-vertices">
          <input semantic="POSITION" source="#Light_15-positions" />
        </vertices>
        <triangles material="Lights" count="24">
          <input semantic="VERTEX" source="#Light_15-vertices" offset="0" />
          <p>0 1 2 0 2 3 0 3 4 0 4 5 0 5 6 0 6 1 1 7 8 1 8 2 2 8 9 2 9 3 3 9 10 3 10 4 4 10 11 4 11 5 5 11 12 5 12 6 6 12 7 6 7 1 13 8 7 13 9 8 13 10 9 13 11 10 13 12 11 13 7 12</p>
        </triangles>
      </mesh>
    </geometry>
    <geometry id="Light_16-mesh" name="Light_16">
      <mesh>
        <source id="Light_16-positions">
          <float_array id="Light_16-positions-array" count="42">0.000000 0.110000 -0.000000 0.095263 0.055000 -0.000000 0.047631 0.055000 -0.082500 -0.047631 0.055000 -0.082500 -0.095263 0.055000 -0.000000 -0.047631 0.055000 0.082500 0.047631 0.055000 0.082500 0.095263 -0.055000 -0.000000 0.047631 -0.055000 -0.082500 -0.047631 -0.055000 -0.082500 -0.095263 -0.055000 -0.000000 -0.047631 -0.055000 0.082500 0.047631 -0.055000 0.082500 0.000000 -0.110000 -0.000000</float_array>
          <technique_common>
            <accessor source="#Light_16-positions-array" count="14" stride="3">
              <param name="X" type="float" />
              <param name="Y" type="float" />
              <param name="Z" type="float" />
            </accessor>
          </technique_common>
        </source>
        <vertices id="Light_16-vertices">
          <input semantic="POSITION" source="#Light_16-positions" />
        </vertices>
        <triangles material="Lights" count="24">
          <input semantic="VERTEX" source="#Light_16-vertices" offset="0" />
          <p>0 1 2 0 2 3 0 3 4 0 4 5 0 5 6 0 6 1 1 7 8 1 8 2 2 8 9 2 9 3 3 9 10 3 10 4 4 10 11 4 11 5 5 11 12 5 12 6 6 12 7 6 7 1 13 8 7 13 9 8 13 10 9 13 11 10 13 12 11 13 7 12</p>
        </triangles>
      </mesh>
    </geometry>
  </library_geometries>
  <library_visual_scenes>
    <visual_scene id="MerryGoRoundScene" name="MerryGoRoundScene">
      <node id="LowPolyMerryGoRound" name="LowPolyMerryGoRound" type="NODE">
        <node id="Base_Foot" name="Base_Foot" type="NODE">
          <translate>0.000000 0.140000 -0.000000</translate>
          <instance_geometry url="#Base_Foot-mesh">
            <bind_material>
              <technique_common>
                <instance_material symbol="Paint_Dark" target="#Paint_Dark-material" />
              </technique_common>
            </bind_material>
          </instance_geometry>
        </node>
        <node id="Platform" name="Platform" type="NODE">
          <translate>0.000000 0.440000 -0.000000</translate>
          <instance_geometry url="#Platform-mesh">
            <bind_material>
              <technique_common>
                <instance_material symbol="Paint_Red" target="#Paint_Red-material" />
              </technique_common>
            </bind_material>
          </instance_geometry>
        </node>
        <node id="Platform_Trim" name="Platform_Trim" type="NODE">
          <translate>0.000000 0.570000 -0.000000</translate>
          <instance_geometry url="#Platform_Trim-mesh">
            <bind_material>
              <technique_common>
                <instance_material symbol="Gold" target="#Gold-material" />
              </technique_common>
            </bind_material>
          </instance_geometry>
        </node>
        <node id="Center_Column" name="Center_Column" type="NODE">
          <translate>0.000000 2.550000 -0.000000</translate>
          <instance_geometry url="#Center_Column-mesh">
            <bind_material>
              <technique_common>
                <instance_material symbol="Paint_Cream" target="#Paint_Cream-material" />
              </technique_common>
            </bind_material>
          </instance_geometry>
        </node>
        <node id="Center_Gold_Band" name="Center_Gold_Band" type="NODE">
          <translate>0.000000 2.000000 -0.000000</translate>
          <instance_geometry url="#Center_Gold_Band-mesh">
            <bind_material>
              <technique_common>
                <instance_material symbol="Gold" target="#Gold-material" />
              </technique_common>
            </bind_material>
          </instance_geometry>
        </node>
        <node id="Canopy_Skirt" name="Canopy_Skirt" type="NODE">
          <translate>0.000000 4.550000 -0.000000</translate>
          <instance_geometry url="#Canopy_Skirt-mesh">
            <bind_material>
              <technique_common>
                <instance_material symbol="Paint_Red" target="#Paint_Red-material" />
              </technique_common>
            </bind_material>
          </instance_geometry>
        </node>
        <node id="Canopy_Roof" name="Canopy_Roof" type="NODE">
          <translate>0.000000 5.150000 -0.000000</translate>
          <instance_geometry url="#Canopy_Roof-mesh">
            <bind_material>
              <technique_common>
                <instance_material symbol="Paint_Cream" target="#Paint_Cream-material" />
              </technique_common>
            </bind_material>
          </instance_geometry>
        </node>
        <node id="Canopy_Top" name="Canopy_Top" type="NODE">
          <translate>0.000000 5.900000 -0.000000</translate>
          <instance_geometry url="#Canopy_Top-mesh">
            <bind_material>
              <technique_common>
                <instance_material symbol="Gold" target="#Gold-material" />
              </technique_common>
            </bind_material>
          </instance_geometry>
        </node>
        <node id="Horse_01" name="Horse_01" type="NODE">
          <translate>2.450000 1.965580 -0.145388</translate>
          <instance_geometry url="#Horse_01-mesh">
            <bind_material>
              <technique_common>
                <instance_material symbol="Horse_White" target="#Horse_White-material" />
              </technique_common>
            </bind_material>
          </instance_geometry>
        </node>
        <node id="Horse_Pole_01" name="Horse_Pole_01" type="NODE">
          <translate>2.452228 2.550000 -0.000000</translate>
          <instance_geometry url="#Horse_Pole_01-mesh">
            <bind_material>
              <technique_common>
                <instance_material symbol="Gold" target="#Gold-material" />
              </technique_common>
            </bind_material>
          </instance_geometry>
        </node>
        <node id="Horse_02" name="Horse_02" type="NODE">
          <translate>1.631078 1.965580 -1.833745</translate>
          <instance_geometry url="#Horse_02-mesh">
            <bind_material>
              <technique_common>
                <instance_material symbol="Horse_Tan" target="#Horse_Tan-material" />
              </technique_common>
            </bind_material>
          </instance_geometry>
        </node>
        <node id="Horse_Pole_02" name="Horse_Pole_02" type="NODE">
          <translate>1.734640 2.550000 -1.732412</translate>
          <instance_geometry url="#Horse_Pole_02-mesh">
            <bind_material>
              <technique_common>
                <instance_material symbol="Gold" target="#Gold-material" />
              </technique_common>
            </bind_material>
          </instance_geometry>
        </node>
        <node id="Horse_03" name="Horse_03" type="NODE">
          <translate>-0.145388 1.965580 -2.450000</translate>
          <instance_geometry url="#Horse_03-mesh">
            <bind_material>
              <technique_common>
                <instance_material symbol="Horse_White" target="#Horse_White-material" />
              </technique_common>
            </bind_material>
          </instance_geometry>
        </node>
        <node id="Horse_Pole_03" name="Horse_Pole_03" type="NODE">
          <translate>0.002228 2.550000 -2.450000</translate>
          <instance_geometry url="#Horse_Pole_03-mesh">
            <bind_material>
              <technique_common>
                <instance_material symbol="Gold" target="#Gold-material" />
              </technique_common>
            </bind_material>
          </instance_geometry>
        </node>
        <node id="Horse_04" name="Horse_04" type="NODE">
          <translate>-1.833745 1.965580 -1.631078</translate>
          <instance_geometry url="#Horse_04-mesh">
            <bind_material>
              <technique_common>
                <instance_material symbol="Horse_Tan" target="#Horse_Tan-material" />
              </technique_common>
            </bind_material>
          </instance_geometry>
        </node>
        <node id="Horse_Pole_04" name="Horse_Pole_04" type="NODE">
          <translate>-1.730183 2.550000 -1.732412</translate>
          <instance_geometry url="#Horse_Pole_04-mesh">
            <bind_material>
              <technique_common>
                <instance_material symbol="Gold" target="#Gold-material" />
              </technique_common>
            </bind_material>
          </instance_geometry>
        </node>
        <node id="Horse_05" name="Horse_05" type="NODE">
          <translate>-2.450000 1.965580 0.145388</translate>
          <instance_geometry url="#Horse_05-mesh">
            <bind_material>
              <technique_common>
                <instance_material symbol="Horse_White" target="#Horse_White-material" />
              </technique_common>
            </bind_material>
          </instance_geometry>
        </node>
        <node id="Horse_Pole_05" name="Horse_Pole_05" type="NODE">
          <translate>-2.447772 2.550000 -0.000000</translate>
          <instance_geometry url="#Horse_Pole_05-mesh">
            <bind_material>
              <technique_common>
                <instance_material symbol="Gold" target="#Gold-material" />
              </technique_common>
            </bind_material>
          </instance_geometry>
        </node>
        <node id="Horse_06" name="Horse_06" type="NODE">
          <translate>-1.631078 1.965580 1.833745</translate>
          <instance_geometry url="#Horse_06-mesh">
            <bind_material>
              <technique_common>
                <instance_material symbol="Horse_Tan" target="#Horse_Tan-material" />
              </technique_common>
            </bind_material>
          </instance_geometry>
        </node>
        <node id="Horse_Pole_06" name="Horse_Pole_06" type="NODE">
          <translate>-1.730183 2.550000 1.732412</translate>
          <instance_geometry url="#Horse_Pole_06-mesh">
            <bind_material>
              <technique_common>
                <instance_material symbol="Gold" target="#Gold-material" />
              </technique_common>
            </bind_material>
          </instance_geometry>
        </node>
        <node id="Horse_07" name="Horse_07" type="NODE">
          <translate>0.145388 1.965580 2.450000</translate>
          <instance_geometry url="#Horse_07-mesh">
            <bind_material>
              <technique_common>
                <instance_material symbol="Horse_White" target="#Horse_White-material" />
              </technique_common>
            </bind_material>
          </instance_geometry>
        </node>
        <node id="Horse_Pole_07" name="Horse_Pole_07" type="NODE">
          <translate>0.002228 2.550000 2.450000</translate>
          <instance_geometry url="#Horse_Pole_07-mesh">
            <bind_material>
              <technique_common>
                <instance_material symbol="Gold" target="#Gold-material" />
              </technique_common>
            </bind_material>
          </instance_geometry>
        </node>
        <node id="Horse_08" name="Horse_08" type="NODE">
          <translate>1.833745 1.965580 1.631078</translate>
          <instance_geometry url="#Horse_08-mesh">
            <bind_material>
              <technique_common>
                <instance_material symbol="Horse_Tan" target="#Horse_Tan-material" />
              </technique_common>
            </bind_material>
          </instance_geometry>
        </node>
        <node id="Horse_Pole_08" name="Horse_Pole_08" type="NODE">
          <translate>1.734640 2.550000 1.732412</translate>
          <instance_geometry url="#Horse_Pole_08-mesh">
            <bind_material>
              <technique_common>
                <instance_material symbol="Gold" target="#Gold-material" />
              </technique_common>
            </bind_material>
          </instance_geometry>
        </node>
        <node id="Light_01" name="Light_01" type="NODE">
          <translate>3.200000 4.250000 -0.000000</translate>
          <instance_geometry url="#Light_01-mesh">
            <bind_material>
              <technique_common>
                <instance_material symbol="Lights" target="#Lights-material" />
              </technique_common>
            </bind_material>
          </instance_geometry>
        </node>
        <node id="Light_02" name="Light_02" type="NODE">
          <translate>2.956415 4.250000 -1.224587</translate>
          <instance_geometry url="#Light_02-mesh">
            <bind_material>
              <technique_common>
                <instance_material symbol="Lights" target="#Lights-material" />
              </technique_common>
            </bind_material>
          </instance_geometry>
        </node>
        <node id="Light_03" name="Light_03" type="NODE">
          <translate>2.262742 4.250000 -2.262742</translate>
          <instance_geometry url="#Light_03-mesh">
            <bind_material>
              <technique_common>
                <instance_material symbol="Lights" target="#Lights-material" />
              </technique_common>
            </bind_material>
          </instance_geometry>
        </node>
        <node id="Light_04" name="Light_04" type="NODE">
          <translate>1.224587 4.250000 -2.956415</translate>
          <instance_geometry url="#Light_04-mesh">
            <bind_material>
              <technique_common>
                <instance_material symbol="Lights" target="#Lights-material" />
              </technique_common>
            </bind_material>
          </instance_geometry>
        </node>
        <node id="Light_05" name="Light_05" type="NODE">
          <translate>0.000000 4.250000 -3.200000</translate>
          <instance_geometry url="#Light_05-mesh">
            <bind_material>
              <technique_common>
                <instance_material symbol="Lights" target="#Lights-material" />
              </technique_common>
            </bind_material>
          </instance_geometry>
        </node>
        <node id="Light_06" name="Light_06" type="NODE">
          <translate>-1.224587 4.250000 -2.956415</translate>
          <instance_geometry url="#Light_06-mesh">
            <bind_material>
              <technique_common>
                <instance_material symbol="Lights" target="#Lights-material" />
              </technique_common>
            </bind_material>
          </instance_geometry>
        </node>
        <node id="Light_07" name="Light_07" type="NODE">
          <translate>-2.262742 4.250000 -2.262742</translate>
          <instance_geometry url="#Light_07-mesh">
            <bind_material>
              <technique_common>
                <instance_material symbol="Lights" target="#Lights-material" />
              </technique_common>
            </bind_material>
          </instance_geometry>
        </node>
        <node id="Light_08" name="Light_08" type="NODE">
          <translate>-2.956415 4.250000 -1.224587</translate>
          <instance_geometry url="#Light_08-mesh">
            <bind_material>
              <technique_common>
                <instance_material symbol="Lights" target="#Lights-material" />
              </technique_common>
            </bind_material>
          </instance_geometry>
        </node>
        <node id="Light_09" name="Light_09" type="NODE">
          <translate>-3.200000 4.250000 -0.000000</translate>
          <instance_geometry url="#Light_09-mesh">
            <bind_material>
              <technique_common>
                <instance_material symbol="Lights" target="#Lights-material" />
              </technique_common>
            </bind_material>
          </instance_geometry>
        </node>
        <node id="Light_10" name="Light_10" type="NODE">
          <translate>-2.956415 4.250000 1.224587</translate>
          <instance_geometry url="#Light_10-mesh">
            <bind_material>
              <technique_common>
                <instance_material symbol="Lights" target="#Lights-material" />
              </technique_common>
            </bind_material>
          </instance_geometry>
        </node>
        <node id="Light_11" name="Light_11" type="NODE">
          <translate>-2.262742 4.250000 2.262742</translate>
          <instance_geometry url="#Light_11-mesh">
            <bind_material>
              <technique_common>
                <instance_material symbol="Lights" target="#Lights-material" />
              </technique_common>
            </bind_material>
          </instance_geometry>
        </node>
        <node id="Light_12" name="Light_12" type="NODE">
          <translate>-1.224587 4.250000 2.956415</translate>
          <instance_geometry url="#Light_12-mesh">
            <bind_material>
              <technique_common>
                <instance_material symbol="Lights" target="#Lights-material" />
              </technique_common>
            </bind_material>
          </instance_geometry>
        </node>
        <node id="Light_13" name="Light_13" type="NODE">
          <translate>-0.000000 4.250000 3.200000</translate>
          <instance_geometry url="#Light_13-mesh">
            <bind_material>
              <technique_common>
                <instance_material symbol="Lights" target="#Lights-material" />
              </technique_common>
            </bind_material>
          </instance_geometry>
        </node>
        <node id="Light_14" name="Light_14" type="NODE">
          <translate>1.224587 4.250000 2.956415</translate>
          <instance_geometry url="#Light_14-mesh">
            <bind_material>
              <technique_common>
                <instance_material symbol="Lights" target="#Lights-material" />
              </technique_common>
            </bind_material>
          </instance_geometry>
        </node>
        <node id="Light_15" name="Light_15" type="NODE">
          <translate>2.262742 4.250000 2.262742</translate>
          <instance_geometry url="#Light_15-mesh">
            <bind_material>
              <technique_common>
                <instance_material symbol="Lights" target="#Lights-material" />
              </technique_common>
            </bind_material>
          </instance_geometry>
        </node>
        <node id="Light_16" name="Light_16" type="NODE">
          <translate>2.956415 4.250000 1.224587</translate>
          <instance_geometry url="#Light_16-mesh">
            <bind_material>
              <technique_common>
                <instance_material symbol="Lights" target="#Lights-material" />
              </technique_common>
            </bind_material>
          </instance_geometry>
        </node>
      </node>
    </visual_scene>
  </library_visual_scenes>
  <scene>
    <instance_visual_scene url="#MerryGoRoundScene" />
  </scene>
</COLLADA>